source	profile	namespace	accession	rule	threshold
kofam	K00003	KO	K00003	kofam_domain	274.07
kofam	K00013	KO	K00013	kofam_full	467.23
kofam	K00014	KO	K00014	kofam_domain	274.67
kofam	K00016	KO	K00016	kofam_full	326.33
kofam	K00024	KO	K00024	kofam_domain	356.87
kofam	K00025	KO	K00025	kofam_full	544.37
kofam	K00026	KO	K00026	kofam_full	502.03
kofam	K00030	KO	K00030	kofam_full	442.53
kofam	K00031	KO	K00031	kofam_domain	97.37
kofam	K00040	KO	K00040	kofam_full	587.27
kofam	K00041	KO	K00041	kofam_full	272.13
kofam	K00048	KO	K00048	kofam_full	575.8
kofam	K00052	KO	K00052	kofam_full	419.1
kofam	K00053	KO	K00053	kofam_full	72.97
kofam	K00058	KO	K00058	kofam_full	324.53
kofam	K00065	KO	K00065	kofam_domain	332.77
kofam	K00074	KO	K00074	kofam_domain	414.43
kofam	K00077	KO	K00077	kofam_full	77.83
kofam	K00082	KO	K00082	kofam_full	350.83
kofam	K00088	KO	K00088	kofam_full	360.53
kofam	K00097	KO	K00097	kofam_domain	423.4
kofam	K00108	KO	K00108	kofam_full	740.4
kofam	K00116	KO	K00116	kofam_full	183.87
kofam	K00130	KO	K00130	kofam_domain	682.23
kofam	K00133	KO	K00133	kofam_full	220.47
kofam	K00135	KO	K00135	kofam_domain	593.83
kofam	K00139	KO	K00139	kofam_full	819.83
kofam	K00145	KO	K00145	kofam_full	152.2
kofam	K00147	KO	K00147	kofam_full	549.53
kofam	K00161	KO	K00161	kofam_full	419.93
kofam	K00162	KO	K00162	kofam_full	492.73
kofam	K00163	KO	K00163	kofam_full	343.3
kofam	K00164	KO	K00164	kofam_domain	1242.5
kofam	K00169	KO	K00169	kofam_domain	300.1
kofam	K00170	KO	K00170	kofam_full	351.13
kofam	K00171	KO	K00171	kofam_domain	103.23
kofam	K00172	KO	K00172	kofam_full	189.5
kofam	K00174	KO	K00174	kofam_full	261.57
kofam	K00175	KO	K00175	kofam_domain	234.17
kofam	K00211	KO	K00211	kofam_full	429.8
kofam	K00215	KO	K00215	kofam_full	131.03
kofam	K00216	KO	K00216	kofam_domain	240.97
kofam	K00221	KO	K00221	kofam_full	148.0
kofam	K00226	KO	K00226	kofam_domain	251.33
kofam	K00228	KO	K00228	kofam_full	65.13
kofam	K00230	KO	K00230	kofam_full	69.47
kofam	K00231	KO	K00231	kofam_domain	135.07
kofam	K00234	KO	K00234	kofam_full	1162.0
kofam	K00235	KO	K00235	kofam_full	486.07
kofam	K00239	KO	K00239	kofam_domain	637.13
kofam	K00240	KO	K00240	kofam_domain	169.07
kofam	K00244	KO	K00244	kofam_full	682.93
kofam	K00245	KO	K00245	kofam_full	296.43
kofam	K00248	KO	K00248	kofam_domain	520.0
kofam	K00254	KO	K00254	kofam_domain	177.37
kofam	K00259	KO	K00259	kofam_domain	305.27
kofam	K00260	KO	K00260	kofam_domain	633.33
kofam	K00261	KO	K00261	kofam_full	536.17
kofam	K00262	KO	K00262	kofam_domain	440.87
kofam	K00265	KO	K00265	kofam_domain	1986.63
kofam	K00266	KO	K00266	kofam_domain	539.23
kofam	K00275	KO	K00275	kofam_full	35.27
kofam	K00278	KO	K00278	kofam_full	549.77
kofam	K00284	KO	K00284	kofam_full	2290.0
kofam	K00286	KO	K00286	kofam_full	172.87
kofam	K00287	KO	K00287	kofam_full	57.7
kofam	K00301	KO	K00301	kofam_domain	420.1
kofam	K00302	KO	K00302	kofam_full	1339.0
kofam	K00303	KO	K00303	kofam_full	640.83
kofam	K00304	KO	K00304	kofam_full	113.63
kofam	K00305	KO	K00305	kofam_domain	140.93
kofam	K00309	KO	K00309	kofam_domain	776.07
kofam	K00315	KO	K00315	kofam_full	780.3
kofam	K00362	KO	K00362	kofam_domain	1283.83
kofam	K00363	KO	K00363	kofam_domain	141.37
kofam	K00365	KO	K00365	kofam_full	216.93
kofam	K00366	KO	K00366	kofam_full	594.6
kofam	K00367	KO	K00367	kofam_domain	1039.03
kofam	K00372	KO	K00372	kofam_domain	1012.5
kofam	K00380	KO	K00380	kofam_full	540.0
kofam	K00381	KO	K00381	kofam_domain	514.67
kofam	K00382	KO	K00382	kofam_full	465.03
kofam	K00392	KO	K00392	kofam_full	601.6
kofam	K00435	KO	K00435	kofam_domain	244.23
kofam	K00446	KO	K00446	kofam_full	243.73
kofam	K00466	KO	K00466	kofam_full	462.83
kofam	K00479	KO	K00479	kofam_full	565.83
kofam	K00499	KO	K00499	kofam_full	383.0
kofam	K00520	KO	K00520	kofam_full	469.97
kofam	K00548	KO	K00548	kofam_domain	264.2
kofam	K00549	KO	K00549	kofam_full	38.4
kofam	K00575	KO	K00575	kofam_domain	142.6
kofam	K00589	KO	K00589	kofam_full	480.27
kofam	K00595	KO	K00595	kofam_full	221.63
kofam	K00600	KO	K00600	kofam_full	85.4
kofam	K00601	KO	K00601	kofam_domain	239.33
kofam	K00602	KO	K00602	kofam_full	115.03
kofam	K00606	KO	K00606	kofam_full	91.73
kofam	K00608	KO	K00608	kofam_full	760.17
kofam	K00609	KO	K00609	kofam_domain	243.93
kofam	K00611	KO	K00611	kofam_domain	274.2
kofam	K00618	KO	K00618	kofam_full	401.7
kofam	K00619	KO	K00619	kofam_domain	171.27
kofam	K00620	KO	K00620	kofam_full	169.0
kofam	K00625	KO	K00625	kofam_domain	390.17
kofam	K00626	KO	K00626	kofam_full	511.2
kofam	K00627	KO	K00627	kofam_domain	488.3
kofam	K00638	KO	K00638	kofam_full	249.1
kofam	K00640	KO	K00640	kofam_domain	93.67
kofam	K00641	KO	K00641	kofam_domain	83.83
kofam	K00651	KO	K00651	kofam_domain	262.87
kofam	K00652	KO	K00652	kofam_domain	461.4
kofam	K00656	KO	K00656	kofam_full	375.17
kofam	K00658	KO	K00658	kofam_domain	457.43
kofam	K00674	KO	K00674	kofam_full	165.57
kofam	K00762	KO	K00762	kofam_domain	173.47
kofam	K00763	KO	K00763	kofam_full	96.97
kofam	K00764	KO	K00764	kofam_full	186.1
kofam	K00765	KO	K00765	kofam_full	52.3
kofam	K00766	KO	K00766	kofam_full	95.5
kofam	K00767	KO	K00767	kofam_full	216.57
kofam	K00768	KO	K00768	kofam_full	97.43
kofam	K00788	KO	K00788	kofam_domain	164.33
kofam	K00793	KO	K00793	kofam_full	52.0
kofam	K00794	KO	K00794	kofam_full	48.0
kofam	K00796	KO	K00796	kofam_full	245.67
kofam	K00798	KO	K00798	kofam_domain	35.4
kofam	K00800	KO	K00800	kofam_domain	261.57
kofam	K00812	KO	K00812	kofam_domain	462.23
kofam	K00813	KO	K00813	kofam_domain	533.93
kofam	K00814	KO	K00814	kofam_full	404.87
kofam	K00817	KO	K00817	kofam_full	283.47
kofam	K00818	KO	K00818	kofam_domain	574.07
kofam	K00821	KO	K00821	kofam_domain	490.17
kofam	K00826	KO	K00826	kofam_full	192.43
kofam	K00831	KO	K00831	kofam_full	125.37
kofam	K00832	KO	K00832	kofam_domain	574.83
kofam	K00833	KO	K00833	kofam_domain	428.27
kofam	K00835	KO	K00835	kofam_full	359.2
kofam	K00836	KO	K00836	kofam_full	443.67
kofam	K00841	KO	K00841	kofam_full	495.07
kofam	K00848	KO	K00848	kofam_full	287.87
kofam	K00849	KO	K00849	kofam_full	363.13
kofam	K00853	KO	K00853	kofam_domain	397.53
kofam	K00854	KO	K00854	kofam_full	275.87
kofam	K00860	KO	K00860	kofam_domain	331.57
kofam	K00872	KO	K00872	kofam_domain	216.5
kofam	K00874	KO	K00874	kofam_full	240.57
kofam	K00878	KO	K00878	kofam_domain	89.6
kofam	K00879	KO	K00879	kofam_full	345.8
kofam	K00884	KO	K00884	kofam_full	207.1
kofam	K00885	KO	K00885	kofam_full	308.07
kofam	K00891	KO	K00891	kofam_domain	131.53
kofam	K00925	KO	K00925	kofam_domain	121.83
kofam	K00926	KO	K00926	kofam_domain	101.67
kofam	K00928	KO	K00928	kofam_domain	351.97
kofam	K00930	KO	K00930	kofam_domain	214.07
kofam	K00931	KO	K00931	kofam_domain	283.93
kofam	K00932	KO	K00932	kofam_full	628.53
kofam	K00941	KO	K00941	kofam_full	324.27
kofam	K00950	KO	K00950	kofam_domain	40.4
kofam	K00955	KO	K00955	kofam_full	768.3
kofam	K00956	KO	K00956	kofam_domain	526.47
kofam	K00957	KO	K00957	kofam_domain	187.97
kofam	K00958	KO	K00958	kofam_domain	275.23
kofam	K00965	KO	K00965	kofam_full	64.83
kofam	K00969	KO	K00969	kofam_full	125.63
kofam	K00980	KO	K00980	kofam_domain	125.83
kofam	K01003	KO	K01003	kofam_full	279.97
kofam	K01005	KO	K01005	kofam_full	201.03
kofam	K01012	KO	K01012	kofam_full	160.47
kofam	K01026	KO	K01026	kofam_full	334.2
kofam	K01031	KO	K01031	kofam_domain	337.67
kofam	K01032	KO	K01032	kofam_domain	319.43
kofam	K01051	KO	K01051	kofam_full	124.13
kofam	K01055	KO	K01055	kofam_domain	292.13
kofam	K01069	KO	K01069	kofam_domain	156.13
kofam	K01079	KO	K01079	kofam_full	138.67
kofam	K01089	KO	K01089	kofam_full	347.33
kofam	K01153	KO	K01153	kofam_full	162.47
kofam	K01154	KO	K01154	kofam_full	44.5
kofam	K01176	KO	K01176	kofam_full	235.03
kofam	K01181	KO	K01181	kofam_full	108.53
kofam	K01183	KO	K01183	kofam_domain	115.6
kofam	K01184	KO	K01184	kofam_domain	470.13
kofam	K01186	KO	K01186	kofam_full	258.07
kofam	K01187	KO	K01187	kofam_domain	314.3
kofam	K01198	KO	K01198	kofam_domain	325.83
kofam	K01200	KO	K01200	kofam_full	686.43
kofam	K01204	KO	K01204	kofam_full	629.6
kofam	K01206	KO	K01206	kofam_full	47.8
kofam	K01207	KO	K01207	kofam_domain	251.33
kofam	K01209	KO	K01209	kofam_domain	88.8
kofam	K01213	KO	K01213	kofam_domain	504.83
kofam	K01252	KO	K01252	kofam_full	317.97
kofam	K01387	KO	K01387	kofam_domain	186.63
kofam	K01426	KO	K01426	kofam_domain	298.43
kofam	K01428	KO	K01428	kofam_full	596.0
kofam	K01429	KO	K01429	kofam_domain	173.33
kofam	K01430	KO	K01430	kofam_domain	180.4
kofam	K01438	KO	K01438	kofam_domain	290.73
kofam	K01439	KO	K01439	kofam_full	282.83
kofam	K01443	KO	K01443	kofam_domain	101.13
kofam	K01465	KO	K01465	kofam_domain	323.13
kofam	K01466	KO	K01466	kofam_full	362.83
kofam	K01467	KO	K01467	kofam_domain	234.87
kofam	K01468	KO	K01468	kofam_full	222.3
kofam	K01470	KO	K01470	kofam_full	70.47
kofam	K01477	KO	K01477	kofam_full	167.7
kofam	K01478	KO	K01478	kofam_full	162.1
kofam	K01479	KO	K01479	kofam_full	232.2
kofam	K01483	KO	K01483	kofam_full	50.37
kofam	K01492	KO	K01492	kofam_full	892.13
kofam	K01495	KO	K01495	kofam_full	52.37
kofam	K01496	KO	K01496	kofam_domain	189.97
kofam	K01497	KO	K01497	kofam_domain	151.63
kofam	K01498	KO	K01498	kofam_full	278.7
kofam	K01523	KO	K01523	kofam_domain	125.77
kofam	K01571	KO	K01571	kofam_domain	813.93
kofam	K01575	KO	K01575	kofam_full	79.7
kofam	K01579	KO	K01579	kofam_full	42.73
kofam	K01580	KO	K01580	kofam_domain	327.6
kofam	K01586	KO	K01586	kofam_full	331.4
kofam	K01587	KO	K01587	kofam_full	326.1
kofam	K01588	KO	K01588	kofam_domain	114.97
kofam	K01589	KO	K01589	kofam_domain	263.37
kofam	K01591	KO	K01591	kofam_domain	126.97
kofam	K01599	KO	K01599	kofam_full	185.9
kofam	K01609	KO	K01609	kofam_domain	316.33
kofam	K01616	KO	K01616	kofam_full	1329.43
kofam	K01617	KO	K01617	kofam_full	297.33
kofam	K01625	KO	K01625	kofam_full	194.47
kofam	K01626	KO	K01626	kofam_full	34.8
kofam	K01628	KO	K01628	kofam_full	210.73
kofam	K01629	KO	K01629	kofam_full	168.83
kofam	K01633	KO	K01633	kofam_domain	95.7
kofam	K01637	KO	K01637	kofam_full	248.27
kofam	K01638	KO	K01638	kofam_full	102.93
kofam	K01639	KO	K01639	kofam_full	228.87
kofam	K01643	KO	K01643	kofam_full	400.77
kofam	K01644	KO	K01644	kofam_domain	141.63
kofam	K01646	KO	K01646	kofam_domain	68.47
kofam	K01647	KO	K01647	kofam_full	428.43
kofam	K01649	KO	K01649	kofam_full	467.3
kofam	K01652	KO	K01652	kofam_full	477.9
kofam	K01656	KO	K01656	kofam_full	775.47
kofam	K01657	KO	K01657	kofam_full	470.5
kofam	K01658	KO	K01658	kofam_domain	237.63
kofam	K01659	KO	K01659	kofam_full	468.47
kofam	K01661	KO	K01661	kofam_full	384.33
kofam	K01663	KO	K01663	kofam_full	373.33
kofam	K01665	KO	K01665	kofam_domain	487.83
kofam	K01666	KO	K01666	kofam_full	158.13
kofam	K01667	KO	K01667	kofam_full	679.73
kofam	K01676	KO	K01676	kofam_full	349.47
kofam	K01677	KO	K01677	kofam_domain	309.3
kofam	K01678	KO	K01678	kofam_domain	233.67
kofam	K01679	KO	K01679	kofam_full	620.43
kofam	K01681	KO	K01681	kofam_full	1371.97
kofam	K01682	KO	K01682	kofam_full	660.43
kofam	K01685	KO	K01685	kofam_full	570.03
kofam	K01686	KO	K01686	kofam_full	128.37
kofam	K01687	KO	K01687	kofam_full	591.17
kofam	K01692	KO	K01692	kofam_domain	338.97
kofam	K01693	KO	K01693	kofam_full	293.33
kofam	K01694	KO	K01694	kofam_full	859.67
kofam	K01695	KO	K01695	kofam_full	82.1
kofam	K01696	KO	K01696	kofam_domain	608.57
kofam	K01697	KO	K01697	kofam_domain	442.07
kofam	K01699	KO	K01699	kofam_full	894.07
kofam	K01702	KO	K01702	kofam_full	1101.37
kofam	K01703	KO	K01703	kofam_full	473.07
kofam	K01704	KO	K01704	kofam_domain	122.4
kofam	K01712	KO	K01712	kofam_full	262.8
kofam	K01713	KO	K01713	kofam_domain	233.53
kofam	K01714	KO	K01714	kofam_domain	256.5
kofam	K01715	KO	K01715	kofam_domain	333.7
kofam	K01728	KO	K01728	kofam_full	176.8
kofam	K01730	KO	K01730	kofam_domain	109.07
kofam	K01731	KO	K01731	kofam_full	725.23
kofam	K01732	KO	K01732	kofam_full	220.0
kofam	K01733	KO	K01733	kofam_full	241.1
kofam	K01735	KO	K01735	kofam_full	297.3
kofam	K01736	KO	K01736	kofam_full	190.27
kofam	K01738	KO	K01738	kofam_domain	427.2
kofam	K01739	KO	K01739	kofam_full	417.07
kofam	K01740	KO	K01740	kofam_domain	416.3
kofam	K01745	KO	K01745	kofam_full	412.23
kofam	K01754	KO	K01754	kofam_domain	266.17
kofam	K01755	KO	K01755	kofam_full	179.23
kofam	K01756	KO	K01756	kofam_full	314.2
kofam	K01758	KO	K01758	kofam_full	585.67
kofam	K01759	KO	K01759	kofam_domain	76.13
kofam	K01760	KO	K01760	kofam_full	504.07
kofam	K01761	KO	K01761	kofam_full	502.37
kofam	K01772	KO	K01772	kofam_full	56.77
kofam	K01777	KO	K01777	kofam_domain	445.33
kofam	K01778	KO	K01778	kofam_full	75.97
kofam	K01784	KO	K01784	kofam_domain	243.3
kofam	K01785	KO	K01785	kofam_full	49.03
kofam	K01788	KO	K01788	kofam_full	91.1
kofam	K01791	KO	K01791	kofam_full	409.6
kofam	K01804	KO	K01804	kofam_full	200.87
kofam	K01805	KO	K01805	kofam_domain	96.7
kofam	K01812	KO	K01812	kofam_full	180.47
kofam	K01813	KO	K01813	kofam_full	518.0
kofam	K01814	KO	K01814	kofam_domain	246.17
kofam	K01815	KO	K01815	kofam_full	160.83
kofam	K01817	KO	K01817	kofam_domain	208.03
kofam	K01818	KO	K01818	kofam_full	216.0
kofam	K01820	KO	K01820	kofam_full	453.87
kofam	K01821	KO	K01821	kofam_domain	25.7
kofam	K01851	KO	K01851	kofam_full	567.17
kofam	K01856	KO	K01856	kofam_full	365.83
kofam	K01899	KO	K01899	kofam_full	567.27
kofam	K01900	KO	K01900	kofam_full	645.53
kofam	K01902	KO	K01902	kofam_domain	398.43
kofam	K01903	KO	K01903	kofam_domain	497.63
kofam	K01910	KO	K01910	kofam_full	228.3
kofam	K01911	KO	K01911	kofam_domain	335.63
kofam	K01912	KO	K01912	kofam_domain	254.07
kofam	K01914	KO	K01914	kofam_full	144.6
kofam	K01915	KO	K01915	kofam_domain	48.07
kofam	K01916	KO	K01916	kofam_domain	276.73
kofam	K01918	KO	K01918	kofam_full	96.17
kofam	K01923	KO	K01923	kofam_domain	172.67
kofam	K01933	KO	K01933	kofam_domain	152.2
kofam	K01935	KO	K01935	kofam_full	124.57
kofam	K01937	KO	K01937	kofam_full	99.0
kofam	K01939	KO	K01939	kofam_domain	83.17
kofam	K01940	KO	K01940	kofam_full	216.17
kofam	K01945	KO	K01945	kofam_domain	129.8
kofam	K01950	KO	K01950	kofam_full	474.6
kofam	K01951	KO	K01951	kofam_full	107.6
kofam	K01952	KO	K01952	kofam_full	589.67
kofam	K01953	KO	K01953	kofam_full	93.63
kofam	K01954	KO	K01954	kofam_full	2262.13
kofam	K01955	KO	K01955	kofam_full	1478.23
kofam	K01956	KO	K01956	kofam_domain	527.3
kofam	K02036	KO	K02036	kofam_domain	264.13
kofam	K02037	KO	K02037	kofam_domain	255.9
kofam	K02038	KO	K02038	kofam_domain	244.6
kofam	K02039	KO	K02039	kofam_domain	139.57
kofam	K02040	KO	K02040	kofam_domain	54.07
kofam	K02083	KO	K02083	kofam_domain	545.67
kofam	K02188	KO	K02188	kofam_full	126.13
kofam	K02189	KO	K02189	kofam_domain	88.1
kofam	K02190	KO	K02190	kofam_full	130.8
kofam	K02191	KO	K02191	kofam_domain	206.23
kofam	K02203	KO	K02203	kofam_full	146.8
kofam	K02204	KO	K02204	kofam_full	135.67
kofam	K02224	KO	K02224	kofam_domain	90.27
kofam	K02225	KO	K02225	kofam_full	269.77
kofam	K02226	KO	K02226	kofam_domain	166.7
kofam	K02227	KO	K02227	kofam_full	88.87
kofam	K02228	KO	K02228	kofam_full	137.83
kofam	K02229	KO	K02229	kofam_full	250.43
kofam	K02230	KO	K02230	kofam_full	1023.2
kofam	K02231	KO	K02231	kofam_domain	37.23
kofam	K02232	KO	K02232	kofam_full	244.53
kofam	K02233	KO	K02233	kofam_full	51.93
kofam	K02302	KO	K02302	kofam_full	419.37
kofam	K02303	KO	K02303	kofam_full	257.23
kofam	K02304	KO	K02304	kofam_domain	174.57
kofam	K02361	KO	K02361	kofam_domain	367.1
kofam	K02362	KO	K02362	kofam_full	101.0
kofam	K02363	KO	K02363	kofam_domain	762.23
kofam	K02364	KO	K02364	kofam_domain	1435.3
kofam	K02387	KO	K02387	kofam_domain	70.6
kofam	K02388	KO	K02388	kofam_domain	63.5
kofam	K02390	KO	K02390	kofam_domain	182.17
kofam	K02391	KO	K02391	kofam_full	233.83
kofam	K02392	KO	K02392	kofam_full	292.33
kofam	K02393	KO	K02393	kofam_full	46.87
kofam	K02394	KO	K02394	kofam_full	176.23
kofam	K02396	KO	K02396	kofam_domain	93.6
kofam	K02397	KO	K02397	kofam_full	149.63
kofam	K02400	KO	K02400	kofam_full	726.83
kofam	K02401	KO	K02401	kofam_domain	369.33
kofam	K02406	KO	K02406	kofam_full	132.53
kofam	K02407	KO	K02407	kofam_full	67.13
kofam	K02408	KO	K02408	kofam_full	33.2
kofam	K02409	KO	K02409	kofam_full	125.6
kofam	K02410	KO	K02410	kofam_full	73.77
kofam	K02411	KO	K02411	kofam_domain	75.47
kofam	K02412	KO	K02412	kofam_domain	643.83
kofam	K02416	KO	K02416	kofam_domain	87.93
kofam	K02417	KO	K02417	kofam_domain	64.53
kofam	K02419	KO	K02419	kofam_full	284.4
kofam	K02420	KO	K02420	kofam_full	86.3
kofam	K02421	KO	K02421	kofam_full	168.77
kofam	K02452	KO	K02452	kofam_domain	49.27
kofam	K02453	KO	K02453	kofam_domain	272.77
kofam	K02454	KO	K02454	kofam_domain	665.43
kofam	K02455	KO	K02455	kofam_full	412.8
kofam	K02456	KO	K02456	kofam_domain	79.83
kofam	K02457	KO	K02457	kofam_domain	77.03
kofam	K02458	KO	K02458	kofam_domain	55.03
kofam	K02459	KO	K02459	kofam_domain	61.2
kofam	K02460	KO	K02460	kofam_domain	49.2
kofam	K02461	KO	K02461	kofam_domain	67.87
kofam	K02462	KO	K02462	kofam_domain	47.03
kofam	K02464	KO	K02464	kofam_domain	345.53
kofam	K02495	KO	K02495	kofam_domain	255.73
kofam	K02496	KO	K02496	kofam_full	115.73
kofam	K02500	KO	K02500	kofam_full	331.9
kofam	K02501	KO	K02501	kofam_domain	232.37
kofam	K02548	KO	K02548	kofam_full	217.57
kofam	K02549	KO	K02549	kofam_domain	212.13
kofam	K02551	KO	K02551	kofam_domain	240.23
kofam	K02552	KO	K02552	kofam_full	368.77
kofam	K02554	KO	K02554	kofam_domain	338.37
kofam	K02556	KO	K02556	kofam_full	96.53
kofam	K02557	KO	K02557	kofam_domain	141.9
kofam	K02564	KO	K02564	kofam_full	97.77
kofam	K02585	KO	K02585	kofam_full	194.6
kofam	K02586	KO	K02586	kofam_domain	558.1
kofam	K02587	KO	K02587	kofam_domain	494.83
kofam	K02588	KO	K02588	kofam_full	365.53
kofam	K02591	KO	K02591	kofam_domain	424.9
kofam	K02592	KO	K02592	kofam_domain	458.53
kofam	K02609	KO	K02609	kofam_full	157.7
kofam	K02610	KO	K02610	kofam_full	60.67
kofam	K02611	KO	K02611	kofam_full	177.07
kofam	K02612	KO	K02612	kofam_full	120.27
kofam	K02613	KO	K02613	kofam_full	365.63
kofam	K02615	KO	K02615	kofam_full	758.2
kofam	K02618	KO	K02618	kofam_full	693.07
kofam	K02619	KO	K02619	kofam_domain	189.5
kofam	K02650	KO	K02650	kofam_domain	87.9
kofam	K02652	KO	K02652	kofam_full	717.33
kofam	K02653	KO	K02653	kofam_full	441.87
kofam	K02654	KO	K02654	kofam_full	130.97
kofam	K02655	KO	K02655	kofam_full	96.4
kofam	K02656	KO	K02656	kofam_domain	109.63
kofam	K02662	KO	K02662	kofam_full	115.67
kofam	K02663	KO	K02663	kofam_domain	78.5
kofam	K02664	KO	K02664	kofam_domain	63.83
kofam	K02665	KO	K02665	kofam_domain	107.4
kofam	K02666	KO	K02666	kofam_full	458.07
kofam	K02669	KO	K02669	kofam_domain	472.8
kofam	K02803	KO	K02803	kofam_domain	97.53
kofam	K02804	KO	K02804	kofam_domain	629.3
kofam	K02823	KO	K02823	kofam_full	238.2
kofam	K02851	KO	K02851	kofam_full	236.97
kofam	K02858	KO	K02858	kofam_domain	365.97
kofam	K03077	KO	K03077	kofam_domain	238.67
kofam	K03119	KO	K03119	kofam_full	330.23
kofam	K03147	KO	K03147	kofam_full	569.73
kofam	K03149	KO	K03149	kofam_domain	153.43
kofam	K03150	KO	K03150	kofam_full	201.87
kofam	K03153	KO	K03153	kofam_domain	256.8
kofam	K03183	KO	K03183	kofam_domain	254.6
kofam	K03219	KO	K03219	kofam_full	428.6
kofam	K03220	KO	K03220	kofam_full	82.07
kofam	K03221	KO	K03221	kofam_full	38.63
kofam	K03222	KO	K03222	kofam_full	203.9
kofam	K03224	KO	K03224	kofam_domain	623.2
kofam	K03225	KO	K03225	kofam_full	83.33
kofam	K03226	KO	K03226	kofam_full	250.73
kofam	K03227	KO	K03227	kofam_domain	95.4
kofam	K03228	KO	K03228	kofam_full	199.13
kofam	K03229	KO	K03229	kofam_domain	395.23
kofam	K03230	KO	K03230	kofam_full	769.9
kofam	K03340	KO	K03340	kofam_full	193.77
kofam	K03342	KO	K03342	kofam_full	545.77
kofam	K03381	KO	K03381	kofam_full	351.47
kofam	K03386	KO	K03386	kofam_domain	222.2
kofam	K03387	KO	K03387	kofam_domain	353.53
kofam	K03394	KO	K03394	kofam_domain	126.63
kofam	K03399	KO	K03399	kofam_domain	179.27
kofam	K03406	KO	K03406	kofam_domain	58.43
kofam	K03407	KO	K03407	kofam_domain	503.27
kofam	K03408	KO	K03408	kofam_full	103.93
kofam	K03409	KO	K03409	kofam_domain	53.23
kofam	K03410	KO	K03410	kofam_domain	109.7
kofam	K03412	KO	K03412	kofam_domain	206.9
kofam	K03413	KO	K03413	kofam_domain	136.73
kofam	K03414	KO	K03414	kofam_full	47.13
kofam	K03427	KO	K03427	kofam_full	111.4
kofam	K03464	KO	K03464	kofam_full	44.13
kofam	K03472	KO	K03472	kofam_full	488.0
kofam	K03473	KO	K03473	kofam_full	286.5
kofam	K03474	KO	K03474	kofam_full	90.83
kofam	K03517	KO	K03517	kofam_full	90.63
kofam	K03643	KO	K03643	kofam_full	33.9
kofam	K03737	KO	K03737	kofam_domain	429.4
kofam	K03776	KO	K03776	kofam_domain	428.53
kofam	K03781	KO	K03781	kofam_full	70.97
kofam	K03782	KO	K03782	kofam_full	475.47
kofam	K03785	KO	K03785	kofam_domain	186.57
kofam	K03786	KO	K03786	kofam_domain	101.87
kofam	K03794	KO	K03794	kofam_domain	139.83
kofam	K03795	KO	K03795	kofam_full	123.03
kofam	K03851	KO	K03851	kofam_full	548.7
kofam	K03852	KO	K03852	kofam_full	653.4
kofam	K03856	KO	K03856	kofam_domain	468.17
kofam	K04053	KO	K04053	kofam_full	60.27
kofam	K04069	KO	K04069	kofam_full	105.93
kofam	K04072	KO	K04072	kofam_full	638.77
kofam	K04073	KO	K04073	kofam_full	478.5
kofam	K04092	KO	K04092	kofam_domain	93.47
kofam	K04093	KO	K04093	kofam_domain	69.13
kofam	K04486	KO	K04486	kofam_domain	119.63
kofam	K04516	KO	K04516	kofam_full	305.03
kofam	K04517	KO	K04517	kofam_domain	226.1
kofam	K04518	KO	K04518	kofam_full	321.93
kofam	K04564	KO	K04564	kofam_full	39.13
kofam	K04565	KO	K04565	kofam_domain	88.63
kofam	K04719	KO	K04719	kofam_full	216.6
kofam	K04744	KO	K04744	kofam_domain	98.6
kofam	K04781	KO	K04781	kofam_full	400.57
kofam	K04782	KO	K04782	kofam_domain	90.13
kofam	K05352	KO	K05352	kofam_full	358.4
kofam	K05359	KO	K05359	kofam_full	347.37
kofam	K05549	KO	K05549	kofam_full	587.8
kofam	K05550	KO	K05550	kofam_full	206.3
kofam	K05599	KO	K05599	kofam_full	892.93
kofam	K05600	KO	K05600	kofam_full	230.43
kofam	K05602	KO	K05602	kofam_domain	293.67
kofam	K05708	KO	K05708	kofam_full	583.47
kofam	K05709	KO	K05709	kofam_full	218.93
kofam	K05711	KO	K05711	kofam_full	386.7
kofam	K05712	KO	K05712	kofam_full	361.3
kofam	K05713	KO	K05713	kofam_domain	185.1
kofam	K05714	KO	K05714	kofam_full	287.7
kofam	K05783	KO	K05783	kofam_full	400.37
kofam	K05821	KO	K05821	kofam_full	497.0
kofam	K05822	KO	K05822	kofam_full	348.37
kofam	K05823	KO	K05823	kofam_full	378.07
kofam	K05874	KO	K05874	kofam_domain	645.9
kofam	K05875	KO	K05875	kofam_full	639.23
kofam	K05876	KO	K05876	kofam_domain	598.23
kofam	K05877	KO	K05877	kofam_full	724.07
kofam	K05887	KO	K05887	kofam_full	568.17
kofam	K05895	KO	K05895	kofam_domain	148.3
kofam	K05934	KO	K05934	kofam_domain	366.4
kofam	K05936	KO	K05936	kofam_domain	239.47
kofam	K05942	KO	K05942	kofam_full	352.53
kofam	K05946	KO	K05946	kofam_full	236.67
kofam	K05972	KO	K05972	kofam_domain	71.7
kofam	K06001	KO	K06001	kofam_full	433.37
kofam	K06042	KO	K06042	kofam_full	84.13
kofam	K06208	KO	K06208	kofam_full	84.5
kofam	K06209	KO	K06209	kofam_full	124.43
kofam	K06210	KO	K06210	kofam_full	102.5
kofam	K06215	KO	K06215	kofam_full	98.63
kofam	K06718	KO	K06718	kofam_full	83.13
kofam	K06720	KO	K06720	kofam_full	85.27
kofam	K06861	KO	K06861	kofam_domain	275.37
kofam	K06863	KO	K06863	kofam_full	238.8
kofam	K06989	KO	K06989	kofam_full	69.97
kofam	K07012	KO	K07012	kofam_domain	140.3
kofam	K07091	KO	K07091	kofam_domain	196.1
kofam	K07127	KO	K07127	kofam_full	115.57
kofam	K07217	KO	K07217	kofam_full	221.5
kofam	K07248	KO	K07248	kofam_domain	581.7
kofam	K07255	KO	K07255	kofam_domain	113.13
kofam	K07256	KO	K07256	kofam_full	438.1
kofam	K07324	KO	K07324	kofam_full	340.37
kofam	K07325	KO	K07325	kofam_full	37.87
kofam	K07327	KO	K07327	kofam_full	171.4
kofam	K07328	KO	K07328	kofam_full	211.97
kofam	K07329	KO	K07329	kofam_full	77.07
kofam	K07330	KO	K07330	kofam_full	78.3
kofam	K07331	KO	K07331	kofam_domain	177.1
kofam	K07332	KO	K07332	kofam_domain	383.27
kofam	K07333	KO	K07333	kofam_domain	103.67
kofam	K07405	KO	K07405	kofam_full	306.07
kofam	K07636	KO	K07636	kofam_domain	325.8
kofam	K07657	KO	K07657	kofam_domain	303.43
kofam	K07658	KO	K07658	kofam_domain	328.47
kofam	K07822	KO	K07822	kofam_full	115.43
kofam	K07991	KO	K07991	kofam_full	54.67
kofam	K08289	KO	K08289	kofam_full	264.57
kofam	K08310	KO	K08310	kofam_domain	101.3
kofam	K08323	KO	K08323	kofam_full	356.53
kofam	K08324	KO	K08324	kofam_domain	675.73
kofam	K08363	KO	K08363	kofam_domain	44.8
kofam	K08364	KO	K08364	kofam_domain	99.47
kofam	K08365	KO	K08365	kofam_domain	167.3
kofam	K08680	KO	K08680	kofam_domain	241.23
kofam	K08681	KO	K08681	kofam_full	82.43
kofam	K08688	KO	K08688	kofam_full	659.9
kofam	K08973	KO	K08973	kofam_full	45.77
kofam	K09007	KO	K09007	kofam_full	196.37
kofam	K09011	KO	K09011	kofam_full	616.8
kofam	K09692	KO	K09692	kofam_full	216.67
kofam	K09693	KO	K09693	kofam_domain	378.0
kofam	K09774	KO	K09774	kofam_full	54.6
kofam	K09882	KO	K09882	kofam_domain	170.37
kofam	K09883	KO	K09883	kofam_domain	96.47
kofam	K09951	KO	K09951	kofam_domain	32.1
kofam	K10150	KO	K10150	kofam_full	449.13
kofam	K10206	KO	K10206	kofam_full	373.6
kofam	K10216	KO	K10216	kofam_full	271.07
kofam	K10217	KO	K10217	kofam_domain	693.33
kofam	K10537	KO	K10537	kofam_domain	204.8
kofam	K10538	KO	K10538	kofam_domain	351.33
kofam	K10539	KO	K10539	kofam_full	659.63
kofam	K10543	KO	K10543	kofam_domain	350.1
kofam	K10544	KO	K10544	kofam_full	415.63
kofam	K10545	KO	K10545	kofam_domain	351.07
kofam	K10670	KO	K10670	kofam_full	54.87
kofam	K10671	KO	K10671	kofam_full	565.23
kofam	K10672	KO	K10672	kofam_full	412.57
kofam	K10674	KO	K10674	kofam_full	312.6
kofam	K10764	KO	K10764	kofam_full	532.93
kofam	K10793	KO	K10793	kofam_domain	602.27
kofam	K10794	KO	K10794	kofam_domain	129.67
kofam	K10831	KO	K10831	kofam_domain	364.07
kofam	K11175	KO	K11175	kofam_domain	190.9
kofam	K11176	KO	K11176	kofam_full	127.83
kofam	K11358	KO	K11358	kofam_full	332.9
kofam	K11440	KO	K11440	kofam_full	581.87
kofam	K11540	KO	K11540	kofam_full	3252.13
kofam	K11541	KO	K11541	kofam_full	3460.17
kofam	K11719	KO	K11719	kofam_domain	51.47
kofam	K11720	KO	K11720	kofam_domain	214.53
kofam	K11752	KO	K11752	kofam_full	183.63
kofam	K11754	KO	K11754	kofam_domain	373.47
kofam	K11755	KO	K11755	kofam_full	226.13
kofam	K11782	KO	K11782	kofam_full	140.0
kofam	K11783	KO	K11783	kofam_full	112.63
kofam	K11784	KO	K11784	kofam_domain	445.33
kofam	K11785	KO	K11785	kofam_full	260.7
kofam	K11787	KO	K11787	kofam_full	1177.83
kofam	K11788	KO	K11788	kofam_domain	1143.63
kofam	K11808	KO	K11808	kofam_full	607.0
kofam	K11891	KO	K11891	kofam_full	141.67
kofam	K11892	KO	K11892	kofam_domain	109.33
kofam	K11893	KO	K11893	kofam_full	137.93
kofam	K11895	KO	K11895	kofam_full	68.6
kofam	K11896	KO	K11896	kofam_full	142.83
kofam	K11897	KO	K11897	kofam_full	94.9
kofam	K11900	KO	K11900	kofam_full	544.33
kofam	K11901	KO	K11901	kofam_full	131.87
kofam	K11902	KO	K11902	kofam_domain	121.9
kofam	K11903	KO	K11903	kofam_full	97.17
kofam	K11904	KO	K11904	kofam_full	72.67
kofam	K11905	KO	K11905	kofam_domain	80.43
kofam	K11906	KO	K11906	kofam_full	37.23
kofam	K11907	KO	K11907	kofam_full	1003.97
kofam	K11910	KO	K11910	kofam_domain	236.6
kofam	K11919	KO	K11919	kofam_full	145.77
kofam	K12524	KO	K12524	kofam_full	733.6
kofam	K12525	KO	K12525	kofam_full	768.67
kofam	K12526	KO	K12526	kofam_full	965.53
kofam	K12657	KO	K12657	kofam_full	611.8
kofam	K12659	KO	K12659	kofam_full	651.93
kofam	K13034	KO	K13034	kofam_domain	595.33
kofam	K13381	KO	K13381	kofam_domain	310.83
kofam	K13421	KO	K13421	kofam_full	395.1
kofam	K13484	KO	K13484	kofam_domain	166.23
kofam	K13497	KO	K13497	kofam_full	623.13
kofam	K13498	KO	K13498	kofam_full	401.6
kofam	K13501	KO	K13501	kofam_full	965.9
kofam	K13503	KO	K13503	kofam_full	669.63
kofam	K13540	KO	K13540	kofam_full	602.93
kofam	K13541	KO	K13541	kofam_full	502.7
kofam	K13542	KO	K13542	kofam_full	394.57
kofam	K13543	KO	K13543	kofam_full	436.23
kofam	K13713	KO	K13713	kofam_full	957.87
kofam	K13788	KO	K13788	kofam_full	566.03
kofam	K13799	KO	K13799	kofam_full	489.97
kofam	K13820	KO	K13820	kofam_full	636.97
kofam	K13829	KO	K13829	kofam_full	519.1
kofam	K13832	KO	K13832	kofam_full	367.03
kofam	K13853	KO	K13853	kofam_full	464.67
kofam	K13919	KO	K13919	kofam_domain	309.53
kofam	K13920	KO	K13920	kofam_full	211.37
kofam	K13922	KO	K13922	kofam_full	629.53
kofam	K13923	KO	K13923	kofam_full	278.03
kofam	K13939	KO	K13939	kofam_full	638.4
kofam	K13940	KO	K13940	kofam_domain	260.73
kofam	K13941	KO	K13941	kofam_full	588.03
kofam	K13950	KO	K13950	kofam_full	550.8
kofam	K13967	KO	K13967	kofam_full	385.27
kofam	K13998	KO	K13998	kofam_full	638.93
kofam	K14048	KO	K14048	kofam_domain	305.93
kofam	K14152	KO	K14152	kofam_full	894.27
kofam	K14153	KO	K14153	kofam_full	427.23
kofam	K14155	KO	K14155	kofam_domain	296.3
kofam	K14170	KO	K14170	kofam_domain	359.47
kofam	K14187	KO	K14187	kofam_full	365.33
kofam	K14260	KO	K14260	kofam_full	472.33
kofam	K14261	KO	K14261	kofam_full	529.93
kofam	K14267	KO	K14267	kofam_domain	457.2
kofam	K14652	KO	K14652	kofam_full	353.97
kofam	K14677	KO	K14677	kofam_full	213.9
kofam	K14681	KO	K14681	kofam_full	978.07
kofam	K14682	KO	K14682	kofam_full	223.93
kofam	K14727	KO	K14727	kofam_domain	364.43
kofam	K14977	KO	K14977	kofam_domain	61.33
kofam	K15024	KO	K15024	kofam_domain	268.13
kofam	K15228	KO	K15228	kofam_full	174.8
kofam	K15229	KO	K15229	kofam_full	309.53
kofam	K15342	KO	K15342	kofam_full	56.2
kofam	K15551	KO	K15551	kofam_full	234.17
kofam	K15552	KO	K15552	kofam_domain	274.17
kofam	K15783	KO	K15783	kofam_full	331.53
kofam	K15784	KO	K15784	kofam_full	410.33
kofam	K15866	KO	K15866	kofam_domain	294.23
kofam	K15920	KO	K15920	kofam_full	736.53
kofam	K15921	KO	K15921	kofam_full	300.17
kofam	K15923	KO	K15923	kofam_full	196.5
kofam	K16242	KO	K16242	kofam_full	449.57
kofam	K16243	KO	K16243	kofam_full	305.6
kofam	K16244	KO	K16244	kofam_full	84.07
kofam	K16245	KO	K16245	kofam_domain	77.4
kofam	K16246	KO	K16246	kofam_full	392.37
kofam	K16249	KO	K16249	kofam_full	58.63
kofam	K16319	KO	K16319	kofam_full	536.13
kofam	K16320	KO	K16320	kofam_domain	179.2
kofam	K16838	KO	K16838	kofam_full	323.37
kofam	K16839	KO	K16839	kofam_full	293.97
kofam	K16842	KO	K16842	kofam_full	306.37
kofam	K16849	KO	K16849	kofam_domain	106.77
kofam	K16850	KO	K16850	kofam_full	447.97
kofam	K17069	KO	K17069	kofam_full	778.23
kofam	K17216	KO	K17216	kofam_domain	445.8
kofam	K17217	KO	K17217	kofam_full	606.17
kofam	K17463	KO	K17463	kofam_full	332.83
kofam	K17716	KO	K17716	kofam_full	694.5
kofam	K17735	KO	K17735	kofam_domain	421.17
kofam	K17755	KO	K17755	kofam_domain	686.1
kofam	K17761	KO	K17761	kofam_full	831.57
kofam	K17828	KO	K17828	kofam_domain	249.57
kofam	K17836	KO	K17836	kofam_domain	86.33
kofam	K17837	KO	K17837	kofam_full	138.6
kofam	K17838	KO	K17838	kofam_domain	271.27
kofam	K17989	KO	K17989	kofam_domain	264.2
kofam	K18285	KO	K18285	kofam_full	447.27
kofam	K18286	KO	K18286	kofam_full	386.97
kofam	K18364	KO	K18364	kofam_full	353.03
kofam	K18365	KO	K18365	kofam_domain	548.43
kofam	K18366	KO	K18366	kofam_full	481.6
kofam	K18374	KO	K18374	kofam_full	83.5
kofam	K18375	KO	K18375	kofam_full	70.07
kofam	K18649	KO	K18649	kofam_full	386.03
kofam	K18698	KO	K18698	kofam_full	647.63
kofam	K18699	KO	K18699	kofam_full	648.77
kofam	K18704	KO	K18704	kofam_domain	442.0
kofam	K18766	KO	K18766	kofam_full	373.87
kofam	K18767	KO	K18767	kofam_full	598.57
kofam	K18768	KO	K18768	kofam_full	675.47
kofam	K18780	KO	K18780	kofam_full	601.6
kofam	K18781	KO	K18781	kofam_full	544.13
kofam	K18782	KO	K18782	kofam_full	508.77
kofam	K18790	KO	K18790	kofam_full	641.9
kofam	K18791	KO	K18791	kofam_full	559.23
kofam	K18792	KO	K18792	kofam_full	570.6
kofam	K18793	KO	K18793	kofam_full	599.43
kofam	K18794	KO	K18794	kofam_full	619.5
kofam	K18795	KO	K18795	kofam_full	612.77
kofam	K18796	KO	K18796	kofam_full	636.7
kofam	K18797	KO	K18797	kofam_full	674.03
kofam	K18970	KO	K18970	kofam_full	661.53
kofam	K18971	KO	K18971	kofam_full	609.7
kofam	K18972	KO	K18972	kofam_full	673.03
kofam	K18973	KO	K18973	kofam_full	531.67
kofam	K18976	KO	K18976	kofam_full	603.5
kofam	K19046	KO	K19046	kofam_full	26.37
kofam	K19058	KO	K19058	kofam_full	36.47
kofam	K19059	KO	K19059	kofam_full	50.9
kofam	K19095	KO	K19095	kofam_full	807.63
kofam	K19096	KO	K19096	kofam_full	874.27
kofam	K19097	KO	K19097	kofam_full	694.97
kofam	K19100	KO	K19100	kofam_full	895.9
kofam	K19101	KO	K19101	kofam_full	797.17
kofam	K19123	KO	K19123	kofam_domain	139.7
kofam	K19124	KO	K19124	kofam_full	185.73
kofam	K19125	KO	K19125	kofam_full	57.73
kofam	K19126	KO	K19126	kofam_domain	38.53
kofam	K19209	KO	K19209	kofam_full	586.3
kofam	K19210	KO	K19210	kofam_full	528.17
kofam	K19211	KO	K19211	kofam_full	545.17
kofam	K19212	KO	K19212	kofam_full	595.63
kofam	K19213	KO	K19213	kofam_full	518.77
kofam	K19214	KO	K19214	kofam_full	905.43
kofam	K19215	KO	K19215	kofam_full	828.7
kofam	K19216	KO	K19216	kofam_full	504.9
kofam	K19217	KO	K19217	kofam_full	566.47
kofam	K19218	KO	K19218	kofam_full	698.97
kofam	K19221	KO	K19221	kofam_full	120.3
kofam	K19222	KO	K19222	kofam_domain	75.73
kofam	K19244	KO	K19244	kofam_full	318.57
kofam	K19266	KO	K19266	kofam_domain	668.9
kofam	K19271	KO	K19271	kofam_full	78.93
kofam	K19316	KO	K19316	kofam_full	629.6
kofam	K19317	KO	K19317	kofam_full	662.6
kofam	K19318	KO	K19318	kofam_full	596.63
kofam	K19319	KO	K19319	kofam_full	601.0
kofam	K19320	KO	K19320	kofam_full	625.8
kofam	K19321	KO	K19321	kofam_full	614.97
kofam	K19322	KO	K19322	kofam_full	652.1
kofam	K19551	KO	K19551	kofam_domain	231.13
kofam	K19562	KO	K19562	kofam_full	508.17
kofam	K19563	KO	K19563	kofam_full	784.73
kofam	K19697	KO	K19697	kofam_full	623.23
kofam	K19712	KO	K19712	kofam_full	87.27
kofam	K19965	KO	K19965	kofam_full	168.6
kofam	K20021	KO	K20021	kofam_full	600.97
kofam	K20143	KO	K20143	kofam_full	667.53
kofam	K20319	KO	K20319	kofam_full	823.9
kofam	K20320	KO	K20320	kofam_full	888.37
kofam	K20457	KO	K20457	kofam_full	434.73
kofam	K20626	KO	K20626	kofam_full	816.57
kofam	K20627	KO	K20627	kofam_full	656.3
kofam	K20810	KO	K20810	kofam_domain	292.27
kofam	K20844	KO	K20844	kofam_domain	189.13
kofam	K20860	KO	K20860	kofam_full	117.73
kofam	K20861	KO	K20861	kofam_full	359.63
kofam	K20862	KO	K20862	kofam_domain	176.67
kofam	K21030	KO	K21030	kofam_full	289.4
kofam	K21063	KO	K21063	kofam_full	246.97
kofam	K21064	KO	K21064	kofam_full	209.03
kofam	K21219	KO	K21219	kofam_full	374.93
kofam	K21266	KO	K21266	kofam_full	562.1
kofam	K21276	KO	K21276	kofam_full	609.9
kofam	K21277	KO	K21277	kofam_full	593.47
kofam	K21285	KO	K21285	kofam_domain	278.8
kofam	K21479	KO	K21479	kofam_full	560.6
kofam	K21576	KO	K21576	kofam_full	397.77
kofam	K21577	KO	K21577	kofam_full	532.33
kofam	K21592	KO	K21592	kofam_domain	519.13
kofam	K21801	KO	K21801	kofam_domain	448.47
kofam	K21832	KO	K21832	kofam_full	461.67
kofam	K21833	KO	K21833	kofam_full	1037.67
kofam	K21834	KO	K21834	kofam_full	815.17
kofam	K22011	KO	K22011	kofam_domain	127.7
kofam	K22212	KO	K22212	kofam_domain	861.73
kofam	K22226	KO	K22226	kofam_domain	391.17
kofam	K22227	KO	K22227	kofam_full	372.3
kofam	K22268	KO	K22268	kofam_full	167.27
kofam	K22305	KO	K22305	kofam_domain	222.33
kofam	K22316	KO	K22316	kofam_full	332.37
kofam	K22331	KO	K22331	kofam_full	517.57
kofam	K22332	KO	K22332	kofam_full	626.07
kofam	K22333	KO	K22333	kofam_full	502.57
kofam	K22334	KO	K22334	kofam_full	573.77
kofam	K22335	KO	K22335	kofam_full	596.13
kofam	K22346	KO	K22346	kofam_full	693.83
kofam	K22351	KO	K22351	kofam_full	536.37
kofam	K22352	KO	K22352	kofam_full	547.33
kofam	K22373	KO	K22373	kofam_full	213.9
kofam	K22391	KO	K22391	kofam_full	151.1
kofam	K22443	KO	K22443	kofam_full	321.77
kofam	K22444	KO	K22444	kofam_full	424.6
kofam	K22477	KO	K22477	kofam_domain	93.1
kofam	K22478	KO	K22478	kofam_full	533.6
kofam	K22487	KO	K22487	kofam_domain	38.23
kofam	K22488	KO	K22488	kofam_full	155.6
kofam	K22504	KO	K22504	kofam_full	500.53
kofam	K22505	KO	K22505	kofam_full	245.0
kofam	K22506	KO	K22506	kofam_full	574.4
kofam	K22507	KO	K22507	kofam_full	302.53
kofam	K22508	KO	K22508	kofam_full	114.6
kofam	K22509	KO	K22509	kofam_full	246.9
kofam	K22510	KO	K22510	kofam_full	364.83
kofam	K22896	KO	K22896	kofam_full	899.97
kofam	K22897	KO	K22897	kofam_full	840.93
kofam	K22898	KO	K22898	kofam_full	150.5
kofam	K22899	KO	K22899	kofam_full	570.87
kofam	K22903	KO	K22903	kofam_full	572.97
kofam	K22933	KO	K22933	kofam_full	371.6
kofam	K22994	KO	K22994	kofam_full	587.67
kofam	K23264	KO	K23264	kofam_domain	43.67
kofam	K23265	KO	K23265	kofam_domain	212.0
kofam	K23269	KO	K23269	kofam_full	722.57
kofam	K23270	KO	K23270	kofam_full	920.17
kofam	K23304	KO	K23304	kofam_full	347.67
kofam	K23550	KO	K23550	kofam_full	593.43
kofam	K23661	KO	K23661	kofam_full	125.83
kofam	K23986	KO	K23986	kofam_domain	115.13
kofam	K24017	KO	K24017	kofam_domain	296.83
kofam	K24018	KO	K24018	kofam_full	761.4
kofam	K24042	KO	K24042	kofam_domain	453.93
kofam	K24153	KO	K24153	kofam_full	634.33
kofam	K24161	KO	K24161	kofam_full	616.37
kofam	K24162	KO	K24162	kofam_full	542.8
kofam	K24707	KO	K24707	kofam_full	681.13
kofam	K24866	KO	K24866	kofam_domain	162.97
kofam	K25045	KO	K25045	kofam_full	651.17
kofam	K25046	KO	K25046	kofam_full	526.13
kofam	K25047	KO	K25047	kofam_full	489.3
kofam	K25528	KO	K25528	kofam_full	212.6
kofam	K26138	KO	K26138	kofam_domain	109.33
kofam	K26139	KO	K26139	kofam_domain	794.23
kofam	K26607	KO	K26607	kofam_full	585.0
kofam	K27497	KO	K27497	kofam_full	636.73
kofam	K27802	KO	K27802	kofam_domain	1451.87
kofam	K27837	KO	K27837	kofam_full	359.07
kofam	K27857	KO	K27857	kofam_full	572.9
kofam	K28205	KO	K28205	kofam_full	697.93
kofam	K28207	KO	K28207	kofam_full	336.87
kofam	K28208	KO	K28208	kofam_full	296.67
kofam	K28842	KO	K28842	kofam_full	225.93
kofam	K28887	KO	K28887	kofam_full	294.7
kofam	K28981	KO	K28981	kofam_full	373.5
ncbifam	NF000689.1	NCBIFAM	NF000689.1	trusted_cutoff	408.0
ncbifam	NF001209.0	NCBIFAM	NF001209.0	trusted_cutoff	331.0
ncbifam	NF001610.0	NCBIFAM	NF001610.0	trusted_cutoff	104.0
ncbifam	NF001611.0	NCBIFAM	NF001611.0	trusted_cutoff	99.0
ncbifam	NF001613.0	NCBIFAM	NF001613.0	trusted_cutoff	120.0
ncbifam	NF001682.0	NCBIFAM	NF001682.0	trusted_cutoff	528.0
ncbifam	NF001685.0	NCBIFAM	NF001685.0	trusted_cutoff	513.0
ncbifam	NF002537.0	NCBIFAM	NF002537.0	trusted_cutoff	154.0
ncbifam	NF002997.0	NCBIFAM	NF002997.0	trusted_cutoff	683.0
ncbifam	NF003358.0	NCBIFAM	NF003358.0	trusted_cutoff	944.0
ncbifam	NF003776.0	NCBIFAM	NF003776.0	trusted_cutoff	358.0
ncbifam	NF004057.0	NCBIFAM	NF004057.0	trusted_cutoff	311.0
ncbifam	NF004058.0	NCBIFAM	NF004058.0	trusted_cutoff	239.0
ncbifam	NF004059.0	NCBIFAM	NF004059.0	trusted_cutoff	274.0
ncbifam	NF004060.0	NCBIFAM	NF004060.0	trusted_cutoff	189.0
ncbifam	NF004061.0	NCBIFAM	NF004061.0	trusted_cutoff	265.0
ncbifam	NF004062.0	NCBIFAM	NF004062.0	trusted_cutoff	194.0
ncbifam	NF004063.0	NCBIFAM	NF004063.0	trusted_cutoff	235.0
ncbifam	NF004423.0	NCBIFAM	NF004423.0	trusted_cutoff	332.0
ncbifam	NF004614.0	NCBIFAM	NF004614.0	trusted_cutoff	251.0
ncbifam	NF004619.0	NCBIFAM	NF004619.0	trusted_cutoff	278.0
ncbifam	NF004647.0	NCBIFAM	NF004647.0	trusted_cutoff	271.0
ncbifam	NF004648.0	NCBIFAM	NF004648.0	trusted_cutoff	391.0
ncbifam	NF004703.2	NCBIFAM	NF004703.2	trusted_cutoff	570.0
ncbifam	NF004704.2	NCBIFAM	NF004704.2	trusted_cutoff	550.0
ncbifam	NF004705.1	NCBIFAM	NF004705.1	trusted_cutoff	400.0
ncbifam	NF004901.0	NCBIFAM	NF004901.0	trusted_cutoff	261.0
ncbifam	NF005074.0	NCBIFAM	NF005074.0	trusted_cutoff	446.0
ncbifam	NF005444.0	NCBIFAM	NF005444.0	trusted_cutoff	520.0
ncbifam	NF005492.0	NCBIFAM	NF005492.0	trusted_cutoff	415.0
ncbifam	NF005967.0	NCBIFAM	NF005967.0	trusted_cutoff	358.0
ncbifam	NF005968.0	NCBIFAM	NF005968.0	trusted_cutoff	231.0
ncbifam	NF005969.0	NCBIFAM	NF005969.0	trusted_cutoff	302.0
ncbifam	NF005970.0	NCBIFAM	NF005970.0	trusted_cutoff	245.0
ncbifam	NF005971.0	NCBIFAM	NF005971.0	trusted_cutoff	431.0
ncbifam	NF005996.1	NCBIFAM	NF005996.1	trusted_cutoff	133.0
ncbifam	NF006136.0	NCBIFAM	NF006136.0	trusted_cutoff	276.0
ncbifam	NF006137.0	NCBIFAM	NF006137.0	trusted_cutoff	294.0
ncbifam	NF006449.0	NCBIFAM	NF006449.0	trusted_cutoff	296.0
ncbifam	NF006916.0	NCBIFAM	NF006916.0	trusted_cutoff	521.0
ncbifam	NF007604.0	NCBIFAM	NF007604.0	trusted_cutoff	169.0
ncbifam	NF007605.2	NCBIFAM	NF007605.2	trusted_cutoff	2400.0
ncbifam	NF007608.0	NCBIFAM	NF007608.0	trusted_cutoff	1010.0
ncbifam	NF008062.1	NCBIFAM	NF008062.1	trusted_cutoff	235.0
ncbifam	NF008142.0	NCBIFAM	NF008142.0	trusted_cutoff	230.0
ncbifam	NF008143.0	NCBIFAM	NF008143.0	trusted_cutoff	234.0
ncbifam	NF008144.0	NCBIFAM	NF008144.0	trusted_cutoff	381.0
ncbifam	NF008220.0	NCBIFAM	NF008220.0	trusted_cutoff	775.0
ncbifam	NF008371.0	NCBIFAM	NF008371.0	trusted_cutoff	483.0
ncbifam	NF008759.0	NCBIFAM	NF008759.0	trusted_cutoff	404.0
ncbifam	NF008841.0	NCBIFAM	NF008841.0	trusted_cutoff	517.0
ncbifam	NF008843.0	NCBIFAM	NF008843.0	trusted_cutoff	406.0
ncbifam	NF008845.0	NCBIFAM	NF008845.0	trusted_cutoff	560.0
ncbifam	NF008907.0	NCBIFAM	NF008907.0	trusted_cutoff	878.0
ncbifam	NF009022.0	NCBIFAM	NF009022.0	trusted_cutoff	247.0
ncbifam	NF009081.0	NCBIFAM	NF009081.0	trusted_cutoff	702.0
ncbifam	NF009259.0	NCBIFAM	NF009259.0	trusted_cutoff	390.0
ncbifam	NF009835.0	NCBIFAM	NF009835.0	trusted_cutoff	380.0
ncbifam	NF010134.0	NCBIFAM	NF010134.0	trusted_cutoff	557.0
ncbifam	NF011615.0	NCBIFAM	NF011615.0	trusted_cutoff	947.0
ncbifam	NF011645.0	NCBIFAM	NF011645.0	trusted_cutoff	562.0
ncbifam	NF011854.0	NCBIFAM	NF011854.0	trusted_cutoff	96.0
ncbifam	NF012017.0	NCBIFAM	NF012017.0	trusted_cutoff	408.0
ncbifam	NF037980.1	NCBIFAM	NF037980.1	trusted_cutoff	130.0
ncbifam	NF038054.1	NCBIFAM	NF038054.1	trusted_cutoff	39.0
ncbifam	NF040576.1	NCBIFAM	NF040576.1	trusted_cutoff	60.0
ncbifam	NF040695.1	NCBIFAM	NF040695.1	trusted_cutoff	330.0
ncbifam	NF040707.3	NCBIFAM	NF040707.3	trusted_cutoff	125.0
ncbifam	NF040708.3	NCBIFAM	NF040708.3	trusted_cutoff	140.0
ncbifam	NF041128.1	NCBIFAM	NF041128.1	trusted_cutoff	580.0
ncbifam	NF041712.1	NCBIFAM	NF041712.1	trusted_cutoff	550.0
ncbifam	NF041713.1	NCBIFAM	NF041713.1	trusted_cutoff	1000.0
ncbifam	NF046058.1	NCBIFAM	NF046058.1	trusted_cutoff	370.0
ncbifam	NF046059.1	NCBIFAM	NF046059.1	trusted_cutoff	430.0
ncbifam	NF047396.1	NCBIFAM	NF047396.1	trusted_cutoff	450.0
ncbifam	NF052359.1	NCBIFAM	NF052359.1	trusted_cutoff	400.0
ncbifam	NF052360.1	NCBIFAM	NF052360.1	trusted_cutoff	280.0
ncbifam	NF052589.1	NCBIFAM	NF052589.1	trusted_cutoff	215.0
ncbifam	NF052590.1	NCBIFAM	NF052590.1	trusted_cutoff	110.0
ncbifam	NF052591.1	NCBIFAM	NF052591.1	trusted_cutoff	110.0
ncbifam	NF053530.1	NCBIFAM	NF053530.1	trusted_cutoff	34.0
ncbifam	NF053595.1	NCBIFAM	NF053595.1	trusted_cutoff	970.0
ncbifam	NF058587.1	NCBIFAM	NF058587.1	trusted_cutoff	550.0
ncbifam	NF058591.1	NCBIFAM	NF058591.1	trusted_cutoff	225.0
ncbifam	TIGR00109.1	NCBIFAM	TIGR00109.1	trusted_cutoff	124.5999984741211
ncbifam	TIGR00221.1	NCBIFAM	TIGR00221.1	trusted_cutoff	225.64999389648438
ncbifam	TIGR00502.1	NCBIFAM	TIGR00502.1	trusted_cutoff	236.89999389648438
ncbifam	TIGR00562.1	NCBIFAM	TIGR00562.1	trusted_cutoff	97.8499984741211
ncbifam	TIGR00715.1	NCBIFAM	TIGR00715.1	trusted_cutoff	129.85000610351562
ncbifam	TIGR00718.1	NCBIFAM	TIGR00718.1	trusted_cutoff	243.1999969482422
ncbifam	TIGR00719.1	NCBIFAM	TIGR00719.1	trusted_cutoff	161.1999969482422
ncbifam	TIGR00720.1	NCBIFAM	TIGR00720.1	trusted_cutoff	345.1000061035156
ncbifam	TIGR01001.2	NCBIFAM	TIGR01001.2	trusted_cutoff	495.0
ncbifam	TIGR01089.1	NCBIFAM	TIGR01089.1	trusted_cutoff	850.0
ncbifam	TIGR01102.1	NCBIFAM	TIGR01102.1	trusted_cutoff	208.60000610351562
ncbifam	TIGR01261.1	NCBIFAM	TIGR01261.1	trusted_cutoff	140.0
ncbifam	TIGR01327.1	NCBIFAM	TIGR01327.1	trusted_cutoff	454.0
ncbifam	TIGR01346.1	NCBIFAM	TIGR01346.1	trusted_cutoff	275.8999938964844
ncbifam	TIGR01399.1	NCBIFAM	TIGR01399.1	trusted_cutoff	692.25
ncbifam	TIGR01401.1	NCBIFAM	TIGR01401.1	trusted_cutoff	163.0500030517578
ncbifam	TIGR01403.1	NCBIFAM	TIGR01403.1	trusted_cutoff	76.5
ncbifam	TIGR01404.2	NCBIFAM	TIGR01404.2	trusted_cutoff	358.0
ncbifam	TIGR01465.1	NCBIFAM	TIGR01465.1	trusted_cutoff	259.6499938964844
ncbifam	TIGR01466.1	NCBIFAM	TIGR01466.1	trusted_cutoff	246.35000610351562
ncbifam	TIGR01467.1	NCBIFAM	TIGR01467.1	trusted_cutoff	163.25
ncbifam	TIGR01608.1	NCBIFAM	TIGR01608.1	trusted_cutoff	63.5
ncbifam	TIGR01707.1	NCBIFAM	TIGR01707.1	trusted_cutoff	44.349998474121094
ncbifam	TIGR01708.2	NCBIFAM	TIGR01708.2	trusted_cutoff	80.0
ncbifam	TIGR01709.2	NCBIFAM	TIGR01709.2	trusted_cutoff	65.0
ncbifam	TIGR01710.1	NCBIFAM	TIGR01710.1	trusted_cutoff	88.8499984741211
ncbifam	TIGR01711.1	NCBIFAM	TIGR01711.1	trusted_cutoff	64.8499984741211
ncbifam	TIGR01713.1	NCBIFAM	TIGR01713.1	trusted_cutoff	101.5999984741211
ncbifam	TIGR01998.1	NCBIFAM	TIGR01998.1	trusted_cutoff	553.2000122070312
ncbifam	TIGR02057.1	NCBIFAM	TIGR02057.1	trusted_cutoff	254.1999969482422
ncbifam	TIGR02067.1	NCBIFAM	TIGR02067.1	trusted_cutoff	275.1499938964844
ncbifam	TIGR02105.1	NCBIFAM	TIGR02105.1	trusted_cutoff	41.70000076293945
ncbifam	TIGR02120.1	NCBIFAM	TIGR02120.1	trusted_cutoff	424.0
ncbifam	TIGR02500.1	NCBIFAM	TIGR02500.1	trusted_cutoff	86.0
ncbifam	TIGR02516.1	NCBIFAM	TIGR02516.1	trusted_cutoff	238.4499969482422
ncbifam	TIGR02517.1	NCBIFAM	TIGR02517.1	trusted_cutoff	351.3500061035156
ncbifam	TIGR02533.1	NCBIFAM	TIGR02533.1	trusted_cutoff	630.25
ncbifam	TIGR02544.1	NCBIFAM	TIGR02544.1	trusted_cutoff	161.9499969482422
ncbifam	TIGR02546.1	NCBIFAM	TIGR02546.1	trusted_cutoff	604.75
ncbifam	TIGR02551.1	NCBIFAM	TIGR02551.1	trusted_cutoff	100.80000305175781
ncbifam	TIGR02554.1	NCBIFAM	TIGR02554.1	trusted_cutoff	188.60000610351562
ncbifam	TIGR03002.1	NCBIFAM	TIGR03002.1	trusted_cutoff	71.69999694824219
ncbifam	TIGR03188.1	NCBIFAM	TIGR03188.1	trusted_cutoff	42.70000076293945
ncbifam	TIGR03216.1	NCBIFAM	TIGR03216.1	trusted_cutoff	693.25
ncbifam	TIGR03345.1	NCBIFAM	TIGR03345.1	trusted_cutoff	884.9500122070312
ncbifam	TIGR03347.1	NCBIFAM	TIGR03347.1	trusted_cutoff	143.3000030517578
ncbifam	TIGR03348.1	NCBIFAM	TIGR03348.1	trusted_cutoff	388.1499938964844
ncbifam	TIGR03352.1	NCBIFAM	TIGR03352.1	trusted_cutoff	31.600000381469727
ncbifam	TIGR03353.2	NCBIFAM	TIGR03353.2	trusted_cutoff	100.0
ncbifam	TIGR03355.1	NCBIFAM	TIGR03355.1	trusted_cutoff	271.5
ncbifam	TIGR03357.1	NCBIFAM	TIGR03357.1	trusted_cutoff	53.20000076293945
ncbifam	TIGR03358.1	NCBIFAM	TIGR03358.1	trusted_cutoff	97.25
ncbifam	TIGR03359.1	NCBIFAM	TIGR03359.1	trusted_cutoff	260.29998779296875
ncbifam	TIGR03362.1	NCBIFAM	TIGR03362.1	trusted_cutoff	230.10000610351562
ncbifam	TIGR03363.1	NCBIFAM	TIGR03363.1	trusted_cutoff	160.85000610351562
ncbifam	TIGR04406.1	NCBIFAM	TIGR04406.1	trusted_cutoff	240.0
ncbifam	TIGR04407.1	NCBIFAM	TIGR04407.1	trusted_cutoff	230.0
ncbifam	TIGR04408.1	NCBIFAM	TIGR04408.1	trusted_cutoff	240.0
ncbifam	TIGR04409.1	NCBIFAM	TIGR04409.1	trusted_cutoff	38.0
ncbifam	TIGR04545.1	NCBIFAM	TIGR04545.1	trusted_cutoff	500.0
ncbifam	TIGR04546.1	NCBIFAM	TIGR04546.1	trusted_cutoff	650.0
ncbifam	TIGR00507.1	TIGRFAM	TIGR00507	trusted_cutoff	200.1999969482422
ncbifam	TIGR02053.1	TIGRFAM	TIGR02053	trusted_cutoff	454.45001220703125
ncbifam	TIGR02155.1	TIGRFAM	TIGR02155	trusted_cutoff	646.2999877929688
ncbifam	TIGR03211.1	TIGRFAM	TIGR03211	trusted_cutoff	320.20001220703125
ncbifam	TIGR03948.1	TIGRFAM	TIGR03948	trusted_cutoff	674.7999877929688
pfam	PF01752.24	PFAM	PF01752	gathering_cutoff	26.0
dbcan	AA10	CAZY	AA10	dbcan_family	1e-15
dbcan	CE1	CAZY	CE1	dbcan_family	1e-15
dbcan	CE12	CAZY	CE12	dbcan_family	1e-15
dbcan	CE2	CAZY	CE2	dbcan_family	1e-15
dbcan	CE3	CAZY	CE3	dbcan_family	1e-15
dbcan	CE4	CAZY	CE4	dbcan_family	1e-15
dbcan	CE5	CAZY	CE5	dbcan_family	1e-15
dbcan	CE6	CAZY	CE6	dbcan_family	1e-15
dbcan	CE7	CAZY	CE7	dbcan_family	1e-15
dbcan	CE8	CAZY	CE8	dbcan_family	1e-15
dbcan	GH1	CAZY	GH1	dbcan_family	1e-15
dbcan	GH10	CAZY	GH10	dbcan_family	1e-15
dbcan	GH109	CAZY	GH109	dbcan_family	1e-15
dbcan	GH11	CAZY	GH11	dbcan_family	1e-15
dbcan	GH116	CAZY	GH116	dbcan_family	1e-15
dbcan	GH119	CAZY	GH119	dbcan_family	1e-15
dbcan	GH120	CAZY	GH120	dbcan_family	1e-15
dbcan	GH122	CAZY	GH122	dbcan_family	1e-15
dbcan	GH126	CAZY	GH126	dbcan_family	1e-15
dbcan	GH13	CAZY	GH13	dbcan_family	1e-15
dbcan	GH141	CAZY	GH141	dbcan_family	1e-15
dbcan	GH18	CAZY	GH18	dbcan_family	1e-15
dbcan	GH19	CAZY	GH19	dbcan_family	1e-15
dbcan	GH2	CAZY	GH2	dbcan_family	1e-15
dbcan	GH20	CAZY	GH20	dbcan_family	1e-15
dbcan	GH28	CAZY	GH28	dbcan_family	1e-15
dbcan	GH29	CAZY	GH29	dbcan_family	1e-15
dbcan	GH3	CAZY	GH3	dbcan_family	1e-15
dbcan	GH30	CAZY	GH30	dbcan_family	1e-15
dbcan	GH31	CAZY	GH31	dbcan_family	1e-15
dbcan	GH33	CAZY	GH33	dbcan_family	1e-15
dbcan	GH39	CAZY	GH39	dbcan_family	1e-15
dbcan	GH4	CAZY	GH4	dbcan_family	1e-15
dbcan	GH43	CAZY	GH43	dbcan_family	1e-15
dbcan	GH44	CAZY	GH44	dbcan_family	1e-15
dbcan	GH5	CAZY	GH5	dbcan_family	1e-15
dbcan	GH51	CAZY	GH51	dbcan_family	1e-15
dbcan	GH52	CAZY	GH52	dbcan_family	1e-15
dbcan	GH54	CAZY	GH54	dbcan_family	1e-15
dbcan	GH57	CAZY	GH57	dbcan_family	1e-15
dbcan	GH62	CAZY	GH62	dbcan_family	1e-15
dbcan	GH63	CAZY	GH63	dbcan_family	1e-15
dbcan	GH76	CAZY	GH76	dbcan_family	1e-15
dbcan	GH8	CAZY	GH8	dbcan_family	1e-15
dbcan	GH9	CAZY	GH9	dbcan_family	1e-15
dbcan	GH95	CAZY	GH95	dbcan_family	1e-15
dbcan	GH97	CAZY	GH97	dbcan_family	1e-15
dbcan	GH98	CAZY	GH98	dbcan_family	1e-15
dbcan	PL1	CAZY	PL1	dbcan_family	1e-15
dbcan	PL10	CAZY	PL10	dbcan_family	1e-15
dbcan	PL2	CAZY	PL2	dbcan_family	1e-15
dbcan	PL3	CAZY	PL3	dbcan_family	1e-15
dbcan	PL9	CAZY	PL9	dbcan_family	1e-15
dbcan_sub	AA10_e1	CAZY	AA10_e1	dbcan_sub	1e-15
dbcan_sub	AA10_e12	CAZY	AA10_e12	dbcan_sub	1e-15
dbcan_sub	AA10_e44	CAZY	AA10_e44	dbcan_sub	1e-15
dbcan_sub	AA10_e49	CAZY	AA10_e49	dbcan_sub	1e-15
dbcan_sub	AA10_e58	CAZY	AA10_e58	dbcan_sub	1e-15
dbcan_sub	AA10_e66	CAZY	AA10_e66	dbcan_sub	1e-15
dbcan_sub	CE12_e45	CAZY	CE12_e45	dbcan_sub	1e-15
dbcan_sub	CE1_e20	CAZY	CE1_e20	dbcan_sub	1e-15
dbcan_sub	CE1_e4	CAZY	CE1_e4	dbcan_sub	1e-15
dbcan_sub	CE4_e262	CAZY	CE4_e262	dbcan_sub	1e-15
dbcan_sub	CE4_e58	CAZY	CE4_e58	dbcan_sub	1e-15
dbcan_sub	CE5_e24	CAZY	CE5_e24	dbcan_sub	1e-15
dbcan_sub	CE6_e2	CAZY	CE6_e2	dbcan_sub	1e-15
dbcan_sub	CE6_e3	CAZY	CE6_e3	dbcan_sub	1e-15
dbcan_sub	CE7_e11	CAZY	CE7_e11	dbcan_sub	1e-15
dbcan_sub	CE7_e23	CAZY	CE7_e23	dbcan_sub	1e-15
dbcan_sub	CE7_e33	CAZY	CE7_e33	dbcan_sub	1e-15
dbcan_sub	CE8_e1	CAZY	CE8_e1	dbcan_sub	1e-15
dbcan_sub	CE8_e105	CAZY	CE8_e105	dbcan_sub	1e-15
dbcan_sub	CE8_e14	CAZY	CE8_e14	dbcan_sub	1e-15
dbcan_sub	CE8_e16	CAZY	CE8_e16	dbcan_sub	1e-15
dbcan_sub	CE8_e19	CAZY	CE8_e19	dbcan_sub	1e-15
dbcan_sub	CE8_e22	CAZY	CE8_e22	dbcan_sub	1e-15
dbcan_sub	CE8_e24	CAZY	CE8_e24	dbcan_sub	1e-15
dbcan_sub	CE8_e30	CAZY	CE8_e30	dbcan_sub	1e-15
dbcan_sub	CE8_e32	CAZY	CE8_e32	dbcan_sub	1e-15
dbcan_sub	CE8_e38	CAZY	CE8_e38	dbcan_sub	1e-15
dbcan_sub	CE8_e43	CAZY	CE8_e43	dbcan_sub	1e-15
dbcan_sub	CE8_e47	CAZY	CE8_e47	dbcan_sub	1e-15
dbcan_sub	CE8_e52	CAZY	CE8_e52	dbcan_sub	1e-15
dbcan_sub	CE8_e6	CAZY	CE8_e6	dbcan_sub	1e-15
dbcan_sub	CE8_e61	CAZY	CE8_e61	dbcan_sub	1e-15
dbcan_sub	CE8_e62	CAZY	CE8_e62	dbcan_sub	1e-15
dbcan_sub	CE8_e78	CAZY	CE8_e78	dbcan_sub	1e-15
dbcan_sub	CE8_e84	CAZY	CE8_e84	dbcan_sub	1e-15
dbcan_sub	CE8_e99	CAZY	CE8_e99	dbcan_sub	1e-15
dbcan_sub	GH109_e0	CAZY	GH109_e0	dbcan_sub	1e-15
dbcan_sub	GH109_e1	CAZY	GH109_e1	dbcan_sub	1e-15
dbcan_sub	GH10_e0	CAZY	GH10_e0	dbcan_sub	1e-15
dbcan_sub	GH10_e10	CAZY	GH10_e10	dbcan_sub	1e-15
dbcan_sub	GH10_e101	CAZY	GH10_e101	dbcan_sub	1e-15
dbcan_sub	GH10_e103	CAZY	GH10_e103	dbcan_sub	1e-15
dbcan_sub	GH10_e105	CAZY	GH10_e105	dbcan_sub	1e-15
dbcan_sub	GH10_e109	CAZY	GH10_e109	dbcan_sub	1e-15
dbcan_sub	GH10_e112	CAZY	GH10_e112	dbcan_sub	1e-15
dbcan_sub	GH10_e118	CAZY	GH10_e118	dbcan_sub	1e-15
dbcan_sub	GH10_e12	CAZY	GH10_e12	dbcan_sub	1e-15
dbcan_sub	GH10_e130	CAZY	GH10_e130	dbcan_sub	1e-15
dbcan_sub	GH10_e134	CAZY	GH10_e134	dbcan_sub	1e-15
dbcan_sub	GH10_e135	CAZY	GH10_e135	dbcan_sub	1e-15
dbcan_sub	GH10_e137	CAZY	GH10_e137	dbcan_sub	1e-15
dbcan_sub	GH10_e141	CAZY	GH10_e141	dbcan_sub	1e-15
dbcan_sub	GH10_e143	CAZY	GH10_e143	dbcan_sub	1e-15
dbcan_sub	GH10_e144	CAZY	GH10_e144	dbcan_sub	1e-15
dbcan_sub	GH10_e148	CAZY	GH10_e148	dbcan_sub	1e-15
dbcan_sub	GH10_e170	CAZY	GH10_e170	dbcan_sub	1e-15
dbcan_sub	GH10_e188	CAZY	GH10_e188	dbcan_sub	1e-15
dbcan_sub	GH10_e19	CAZY	GH10_e19	dbcan_sub	1e-15
dbcan_sub	GH10_e191	CAZY	GH10_e191	dbcan_sub	1e-15
dbcan_sub	GH10_e20	CAZY	GH10_e20	dbcan_sub	1e-15
dbcan_sub	GH10_e204	CAZY	GH10_e204	dbcan_sub	1e-15
dbcan_sub	GH10_e21	CAZY	GH10_e21	dbcan_sub	1e-15
dbcan_sub	GH10_e225	CAZY	GH10_e225	dbcan_sub	1e-15
dbcan_sub	GH10_e25	CAZY	GH10_e25	dbcan_sub	1e-15
dbcan_sub	GH10_e250	CAZY	GH10_e250	dbcan_sub	1e-15
dbcan_sub	GH10_e3	CAZY	GH10_e3	dbcan_sub	1e-15
dbcan_sub	GH10_e30	CAZY	GH10_e30	dbcan_sub	1e-15
dbcan_sub	GH10_e38	CAZY	GH10_e38	dbcan_sub	1e-15
dbcan_sub	GH10_e40	CAZY	GH10_e40	dbcan_sub	1e-15
dbcan_sub	GH10_e43	CAZY	GH10_e43	dbcan_sub	1e-15
dbcan_sub	GH10_e5	CAZY	GH10_e5	dbcan_sub	1e-15
dbcan_sub	GH10_e50	CAZY	GH10_e50	dbcan_sub	1e-15
dbcan_sub	GH10_e52	CAZY	GH10_e52	dbcan_sub	1e-15
dbcan_sub	GH10_e53	CAZY	GH10_e53	dbcan_sub	1e-15
dbcan_sub	GH10_e58	CAZY	GH10_e58	dbcan_sub	1e-15
dbcan_sub	GH10_e6	CAZY	GH10_e6	dbcan_sub	1e-15
dbcan_sub	GH10_e60	CAZY	GH10_e60	dbcan_sub	1e-15
dbcan_sub	GH10_e64	CAZY	GH10_e64	dbcan_sub	1e-15
dbcan_sub	GH10_e67	CAZY	GH10_e67	dbcan_sub	1e-15
dbcan_sub	GH10_e75	CAZY	GH10_e75	dbcan_sub	1e-15
dbcan_sub	GH10_e77	CAZY	GH10_e77	dbcan_sub	1e-15
dbcan_sub	GH10_e78	CAZY	GH10_e78	dbcan_sub	1e-15
dbcan_sub	GH10_e8	CAZY	GH10_e8	dbcan_sub	1e-15
dbcan_sub	GH10_e83	CAZY	GH10_e83	dbcan_sub	1e-15
dbcan_sub	GH10_e85	CAZY	GH10_e85	dbcan_sub	1e-15
dbcan_sub	GH10_e88	CAZY	GH10_e88	dbcan_sub	1e-15
dbcan_sub	GH10_e90	CAZY	GH10_e90	dbcan_sub	1e-15
dbcan_sub	GH10_e96	CAZY	GH10_e96	dbcan_sub	1e-15
dbcan_sub	GH10_e97	CAZY	GH10_e97	dbcan_sub	1e-15
dbcan_sub	GH10_e98	CAZY	GH10_e98	dbcan_sub	1e-15
dbcan_sub	GH119_e2	CAZY	GH119_e2	dbcan_sub	1e-15
dbcan_sub	GH11_e0	CAZY	GH11_e0	dbcan_sub	1e-15
dbcan_sub	GH11_e10	CAZY	GH11_e10	dbcan_sub	1e-15
dbcan_sub	GH11_e11	CAZY	GH11_e11	dbcan_sub	1e-15
dbcan_sub	GH11_e13	CAZY	GH11_e13	dbcan_sub	1e-15
dbcan_sub	GH11_e14	CAZY	GH11_e14	dbcan_sub	1e-15
dbcan_sub	GH11_e15	CAZY	GH11_e15	dbcan_sub	1e-15
dbcan_sub	GH11_e16	CAZY	GH11_e16	dbcan_sub	1e-15
dbcan_sub	GH11_e17	CAZY	GH11_e17	dbcan_sub	1e-15
dbcan_sub	GH11_e2	CAZY	GH11_e2	dbcan_sub	1e-15
dbcan_sub	GH11_e20	CAZY	GH11_e20	dbcan_sub	1e-15
dbcan_sub	GH11_e22	CAZY	GH11_e22	dbcan_sub	1e-15
dbcan_sub	GH11_e23	CAZY	GH11_e23	dbcan_sub	1e-15
dbcan_sub	GH11_e24	CAZY	GH11_e24	dbcan_sub	1e-15
dbcan_sub	GH11_e39	CAZY	GH11_e39	dbcan_sub	1e-15
dbcan_sub	GH11_e42	CAZY	GH11_e42	dbcan_sub	1e-15
dbcan_sub	GH11_e5	CAZY	GH11_e5	dbcan_sub	1e-15
dbcan_sub	GH11_e7	CAZY	GH11_e7	dbcan_sub	1e-15
dbcan_sub	GH11_e8	CAZY	GH11_e8	dbcan_sub	1e-15
dbcan_sub	GH120_e0	CAZY	GH120_e0	dbcan_sub	1e-15
dbcan_sub	GH13_e108	CAZY	GH13_e108	dbcan_sub	1e-15
dbcan_sub	GH13_e113	CAZY	GH13_e113	dbcan_sub	1e-15
dbcan_sub	GH13_e122	CAZY	GH13_e122	dbcan_sub	1e-15
dbcan_sub	GH13_e124	CAZY	GH13_e124	dbcan_sub	1e-15
dbcan_sub	GH13_e13	CAZY	GH13_e13	dbcan_sub	1e-15
dbcan_sub	GH13_e130	CAZY	GH13_e130	dbcan_sub	1e-15
dbcan_sub	GH13_e139	CAZY	GH13_e139	dbcan_sub	1e-15
dbcan_sub	GH13_e143	CAZY	GH13_e143	dbcan_sub	1e-15
dbcan_sub	GH13_e146	CAZY	GH13_e146	dbcan_sub	1e-15
dbcan_sub	GH13_e160	CAZY	GH13_e160	dbcan_sub	1e-15
dbcan_sub	GH13_e165	CAZY	GH13_e165	dbcan_sub	1e-15
dbcan_sub	GH13_e172	CAZY	GH13_e172	dbcan_sub	1e-15
dbcan_sub	GH13_e173	CAZY	GH13_e173	dbcan_sub	1e-15
dbcan_sub	GH13_e18	CAZY	GH13_e18	dbcan_sub	1e-15
dbcan_sub	GH13_e180	CAZY	GH13_e180	dbcan_sub	1e-15
dbcan_sub	GH13_e183	CAZY	GH13_e183	dbcan_sub	1e-15
dbcan_sub	GH13_e19	CAZY	GH13_e19	dbcan_sub	1e-15
dbcan_sub	GH13_e205	CAZY	GH13_e205	dbcan_sub	1e-15
dbcan_sub	GH13_e206	CAZY	GH13_e206	dbcan_sub	1e-15
dbcan_sub	GH13_e221	CAZY	GH13_e221	dbcan_sub	1e-15
dbcan_sub	GH13_e23	CAZY	GH13_e23	dbcan_sub	1e-15
dbcan_sub	GH13_e234	CAZY	GH13_e234	dbcan_sub	1e-15
dbcan_sub	GH13_e240	CAZY	GH13_e240	dbcan_sub	1e-15
dbcan_sub	GH13_e245	CAZY	GH13_e245	dbcan_sub	1e-15
dbcan_sub	GH13_e248	CAZY	GH13_e248	dbcan_sub	1e-15
dbcan_sub	GH13_e25	CAZY	GH13_e25	dbcan_sub	1e-15
dbcan_sub	GH13_e250	CAZY	GH13_e250	dbcan_sub	1e-15
dbcan_sub	GH13_e276	CAZY	GH13_e276	dbcan_sub	1e-15
dbcan_sub	GH13_e278	CAZY	GH13_e278	dbcan_sub	1e-15
dbcan_sub	GH13_e300	CAZY	GH13_e300	dbcan_sub	1e-15
dbcan_sub	GH13_e302	CAZY	GH13_e302	dbcan_sub	1e-15
dbcan_sub	GH13_e303	CAZY	GH13_e303	dbcan_sub	1e-15
dbcan_sub	GH13_e307	CAZY	GH13_e307	dbcan_sub	1e-15
dbcan_sub	GH13_e315	CAZY	GH13_e315	dbcan_sub	1e-15
dbcan_sub	GH13_e329	CAZY	GH13_e329	dbcan_sub	1e-15
dbcan_sub	GH13_e34	CAZY	GH13_e34	dbcan_sub	1e-15
dbcan_sub	GH13_e345	CAZY	GH13_e345	dbcan_sub	1e-15
dbcan_sub	GH13_e346	CAZY	GH13_e346	dbcan_sub	1e-15
dbcan_sub	GH13_e347	CAZY	GH13_e347	dbcan_sub	1e-15
dbcan_sub	GH13_e348	CAZY	GH13_e348	dbcan_sub	1e-15
dbcan_sub	GH13_e349	CAZY	GH13_e349	dbcan_sub	1e-15
dbcan_sub	GH13_e354	CAZY	GH13_e354	dbcan_sub	1e-15
dbcan_sub	GH13_e380	CAZY	GH13_e380	dbcan_sub	1e-15
dbcan_sub	GH13_e381	CAZY	GH13_e381	dbcan_sub	1e-15
dbcan_sub	GH13_e386	CAZY	GH13_e386	dbcan_sub	1e-15
dbcan_sub	GH13_e387	CAZY	GH13_e387	dbcan_sub	1e-15
dbcan_sub	GH13_e389	CAZY	GH13_e389	dbcan_sub	1e-15
dbcan_sub	GH13_e392	CAZY	GH13_e392	dbcan_sub	1e-15
dbcan_sub	GH13_e406	CAZY	GH13_e406	dbcan_sub	1e-15
dbcan_sub	GH13_e409	CAZY	GH13_e409	dbcan_sub	1e-15
dbcan_sub	GH13_e413	CAZY	GH13_e413	dbcan_sub	1e-15
dbcan_sub	GH13_e419	CAZY	GH13_e419	dbcan_sub	1e-15
dbcan_sub	GH13_e42	CAZY	GH13_e42	dbcan_sub	1e-15
dbcan_sub	GH13_e443	CAZY	GH13_e443	dbcan_sub	1e-15
dbcan_sub	GH13_e446	CAZY	GH13_e446	dbcan_sub	1e-15
dbcan_sub	GH13_e462	CAZY	GH13_e462	dbcan_sub	1e-15
dbcan_sub	GH13_e465	CAZY	GH13_e465	dbcan_sub	1e-15
dbcan_sub	GH13_e47	CAZY	GH13_e47	dbcan_sub	1e-15
dbcan_sub	GH13_e484	CAZY	GH13_e484	dbcan_sub	1e-15
dbcan_sub	GH13_e486	CAZY	GH13_e486	dbcan_sub	1e-15
dbcan_sub	GH13_e491	CAZY	GH13_e491	dbcan_sub	1e-15
dbcan_sub	GH13_e493	CAZY	GH13_e493	dbcan_sub	1e-15
dbcan_sub	GH13_e497	CAZY	GH13_e497	dbcan_sub	1e-15
dbcan_sub	GH13_e5	CAZY	GH13_e5	dbcan_sub	1e-15
dbcan_sub	GH13_e500	CAZY	GH13_e500	dbcan_sub	1e-15
dbcan_sub	GH13_e61	CAZY	GH13_e61	dbcan_sub	1e-15
dbcan_sub	GH13_e94	CAZY	GH13_e94	dbcan_sub	1e-15
dbcan_sub	GH14_e6	CAZY	GH14_e6	dbcan_sub	1e-15
dbcan_sub	GH151_e0	CAZY	GH151_e0	dbcan_sub	1e-15
dbcan_sub	GH16_e14	CAZY	GH16_e14	dbcan_sub	1e-15
dbcan_sub	GH18_e1	CAZY	GH18_e1	dbcan_sub	1e-15
dbcan_sub	GH18_e104	CAZY	GH18_e104	dbcan_sub	1e-15
dbcan_sub	GH18_e111	CAZY	GH18_e111	dbcan_sub	1e-15
dbcan_sub	GH18_e121	CAZY	GH18_e121	dbcan_sub	1e-15
dbcan_sub	GH18_e14	CAZY	GH18_e14	dbcan_sub	1e-15
dbcan_sub	GH18_e147	CAZY	GH18_e147	dbcan_sub	1e-15
dbcan_sub	GH18_e148	CAZY	GH18_e148	dbcan_sub	1e-15
dbcan_sub	GH18_e151	CAZY	GH18_e151	dbcan_sub	1e-15
dbcan_sub	GH18_e154	CAZY	GH18_e154	dbcan_sub	1e-15
dbcan_sub	GH18_e164	CAZY	GH18_e164	dbcan_sub	1e-15
dbcan_sub	GH18_e175	CAZY	GH18_e175	dbcan_sub	1e-15
dbcan_sub	GH18_e177	CAZY	GH18_e177	dbcan_sub	1e-15
dbcan_sub	GH18_e184	CAZY	GH18_e184	dbcan_sub	1e-15
dbcan_sub	GH18_e187	CAZY	GH18_e187	dbcan_sub	1e-15
dbcan_sub	GH18_e19	CAZY	GH18_e19	dbcan_sub	1e-15
dbcan_sub	GH18_e193	CAZY	GH18_e193	dbcan_sub	1e-15
dbcan_sub	GH18_e196	CAZY	GH18_e196	dbcan_sub	1e-15
dbcan_sub	GH18_e2	CAZY	GH18_e2	dbcan_sub	1e-15
dbcan_sub	GH18_e20	CAZY	GH18_e20	dbcan_sub	1e-15
dbcan_sub	GH18_e211	CAZY	GH18_e211	dbcan_sub	1e-15
dbcan_sub	GH18_e224	CAZY	GH18_e224	dbcan_sub	1e-15
dbcan_sub	GH18_e231	CAZY	GH18_e231	dbcan_sub	1e-15
dbcan_sub	GH18_e236	CAZY	GH18_e236	dbcan_sub	1e-15
dbcan_sub	GH18_e253	CAZY	GH18_e253	dbcan_sub	1e-15
dbcan_sub	GH18_e258	CAZY	GH18_e258	dbcan_sub	1e-15
dbcan_sub	GH18_e26	CAZY	GH18_e26	dbcan_sub	1e-15
dbcan_sub	GH18_e260	CAZY	GH18_e260	dbcan_sub	1e-15
dbcan_sub	GH18_e263	CAZY	GH18_e263	dbcan_sub	1e-15
dbcan_sub	GH18_e272	CAZY	GH18_e272	dbcan_sub	1e-15
dbcan_sub	GH18_e285	CAZY	GH18_e285	dbcan_sub	1e-15
dbcan_sub	GH18_e287	CAZY	GH18_e287	dbcan_sub	1e-15
dbcan_sub	GH18_e3	CAZY	GH18_e3	dbcan_sub	1e-15
dbcan_sub	GH18_e325	CAZY	GH18_e325	dbcan_sub	1e-15
dbcan_sub	GH18_e327	CAZY	GH18_e327	dbcan_sub	1e-15
dbcan_sub	GH18_e334	CAZY	GH18_e334	dbcan_sub	1e-15
dbcan_sub	GH18_e338	CAZY	GH18_e338	dbcan_sub	1e-15
dbcan_sub	GH18_e342	CAZY	GH18_e342	dbcan_sub	1e-15
dbcan_sub	GH18_e347	CAZY	GH18_e347	dbcan_sub	1e-15
dbcan_sub	GH18_e348	CAZY	GH18_e348	dbcan_sub	1e-15
dbcan_sub	GH18_e354	CAZY	GH18_e354	dbcan_sub	1e-15
dbcan_sub	GH18_e373	CAZY	GH18_e373	dbcan_sub	1e-15
dbcan_sub	GH18_e392	CAZY	GH18_e392	dbcan_sub	1e-15
dbcan_sub	GH18_e4	CAZY	GH18_e4	dbcan_sub	1e-15
dbcan_sub	GH18_e401	CAZY	GH18_e401	dbcan_sub	1e-15
dbcan_sub	GH18_e428	CAZY	GH18_e428	dbcan_sub	1e-15
dbcan_sub	GH18_e431	CAZY	GH18_e431	dbcan_sub	1e-15
dbcan_sub	GH18_e521	CAZY	GH18_e521	dbcan_sub	1e-15
dbcan_sub	GH18_e66	CAZY	GH18_e66	dbcan_sub	1e-15
dbcan_sub	GH18_e672	CAZY	GH18_e672	dbcan_sub	1e-15
dbcan_sub	GH18_e69	CAZY	GH18_e69	dbcan_sub	1e-15
dbcan_sub	GH18_e72	CAZY	GH18_e72	dbcan_sub	1e-15
dbcan_sub	GH18_e77	CAZY	GH18_e77	dbcan_sub	1e-15
dbcan_sub	GH18_e80	CAZY	GH18_e80	dbcan_sub	1e-15
dbcan_sub	GH18_e81	CAZY	GH18_e81	dbcan_sub	1e-15
dbcan_sub	GH18_e83	CAZY	GH18_e83	dbcan_sub	1e-15
dbcan_sub	GH18_e830	CAZY	GH18_e830	dbcan_sub	1e-15
dbcan_sub	GH18_e834	CAZY	GH18_e834	dbcan_sub	1e-15
dbcan_sub	GH18_e91	CAZY	GH18_e91	dbcan_sub	1e-15
dbcan_sub	GH18_e95	CAZY	GH18_e95	dbcan_sub	1e-15
dbcan_sub	GH19_e1	CAZY	GH19_e1	dbcan_sub	1e-15
dbcan_sub	GH19_e113	CAZY	GH19_e113	dbcan_sub	1e-15
dbcan_sub	GH19_e143	CAZY	GH19_e143	dbcan_sub	1e-15
dbcan_sub	GH19_e169	CAZY	GH19_e169	dbcan_sub	1e-15
dbcan_sub	GH19_e18	CAZY	GH19_e18	dbcan_sub	1e-15
dbcan_sub	GH19_e27	CAZY	GH19_e27	dbcan_sub	1e-15
dbcan_sub	GH19_e5	CAZY	GH19_e5	dbcan_sub	1e-15
dbcan_sub	GH19_e81	CAZY	GH19_e81	dbcan_sub	1e-15
dbcan_sub	GH20_e0	CAZY	GH20_e0	dbcan_sub	1e-15
dbcan_sub	GH20_e1	CAZY	GH20_e1	dbcan_sub	1e-15
dbcan_sub	GH20_e10	CAZY	GH20_e10	dbcan_sub	1e-15
dbcan_sub	GH20_e105	CAZY	GH20_e105	dbcan_sub	1e-15
dbcan_sub	GH20_e107	CAZY	GH20_e107	dbcan_sub	1e-15
dbcan_sub	GH20_e114	CAZY	GH20_e114	dbcan_sub	1e-15
dbcan_sub	GH20_e12	CAZY	GH20_e12	dbcan_sub	1e-15
dbcan_sub	GH20_e13	CAZY	GH20_e13	dbcan_sub	1e-15
dbcan_sub	GH20_e132	CAZY	GH20_e132	dbcan_sub	1e-15
dbcan_sub	GH20_e137	CAZY	GH20_e137	dbcan_sub	1e-15
dbcan_sub	GH20_e143	CAZY	GH20_e143	dbcan_sub	1e-15
dbcan_sub	GH20_e146	CAZY	GH20_e146	dbcan_sub	1e-15
dbcan_sub	GH20_e167	CAZY	GH20_e167	dbcan_sub	1e-15
dbcan_sub	GH20_e18	CAZY	GH20_e18	dbcan_sub	1e-15
dbcan_sub	GH20_e182	CAZY	GH20_e182	dbcan_sub	1e-15
dbcan_sub	GH20_e214	CAZY	GH20_e214	dbcan_sub	1e-15
dbcan_sub	GH20_e22	CAZY	GH20_e22	dbcan_sub	1e-15
dbcan_sub	GH20_e35	CAZY	GH20_e35	dbcan_sub	1e-15
dbcan_sub	GH20_e45	CAZY	GH20_e45	dbcan_sub	1e-15
dbcan_sub	GH20_e49	CAZY	GH20_e49	dbcan_sub	1e-15
dbcan_sub	GH20_e51	CAZY	GH20_e51	dbcan_sub	1e-15
dbcan_sub	GH20_e57	CAZY	GH20_e57	dbcan_sub	1e-15
dbcan_sub	GH20_e61	CAZY	GH20_e61	dbcan_sub	1e-15
dbcan_sub	GH20_e70	CAZY	GH20_e70	dbcan_sub	1e-15
dbcan_sub	GH20_e71	CAZY	GH20_e71	dbcan_sub	1e-15
dbcan_sub	GH20_e74	CAZY	GH20_e74	dbcan_sub	1e-15
dbcan_sub	GH20_e77	CAZY	GH20_e77	dbcan_sub	1e-15
dbcan_sub	GH20_e80	CAZY	GH20_e80	dbcan_sub	1e-15
dbcan_sub	GH20_e93	CAZY	GH20_e93	dbcan_sub	1e-15
dbcan_sub	GH20_e95	CAZY	GH20_e95	dbcan_sub	1e-15
dbcan_sub	GH20_e97	CAZY	GH20_e97	dbcan_sub	1e-15
dbcan_sub	GH26_e54	CAZY	GH26_e54	dbcan_sub	1e-15
dbcan_sub	GH28_e0	CAZY	GH28_e0	dbcan_sub	1e-15
dbcan_sub	GH28_e1	CAZY	GH28_e1	dbcan_sub	1e-15
dbcan_sub	GH28_e107	CAZY	GH28_e107	dbcan_sub	1e-15
dbcan_sub	GH28_e120	CAZY	GH28_e120	dbcan_sub	1e-15
dbcan_sub	GH28_e125	CAZY	GH28_e125	dbcan_sub	1e-15
dbcan_sub	GH28_e130	CAZY	GH28_e130	dbcan_sub	1e-15
dbcan_sub	GH28_e200	CAZY	GH28_e200	dbcan_sub	1e-15
dbcan_sub	GH28_e250	CAZY	GH28_e250	dbcan_sub	1e-15
dbcan_sub	GH28_e29	CAZY	GH28_e29	dbcan_sub	1e-15
dbcan_sub	GH28_e295	CAZY	GH28_e295	dbcan_sub	1e-15
dbcan_sub	GH28_e45	CAZY	GH28_e45	dbcan_sub	1e-15
dbcan_sub	GH28_e56	CAZY	GH28_e56	dbcan_sub	1e-15
dbcan_sub	GH28_e58	CAZY	GH28_e58	dbcan_sub	1e-15
dbcan_sub	GH28_e61	CAZY	GH28_e61	dbcan_sub	1e-15
dbcan_sub	GH28_e67	CAZY	GH28_e67	dbcan_sub	1e-15
dbcan_sub	GH28_e70	CAZY	GH28_e70	dbcan_sub	1e-15
dbcan_sub	GH28_e75	CAZY	GH28_e75	dbcan_sub	1e-15
dbcan_sub	GH28_e86	CAZY	GH28_e86	dbcan_sub	1e-15
dbcan_sub	GH28_e98	CAZY	GH28_e98	dbcan_sub	1e-15
dbcan_sub	GH29_e1	CAZY	GH29_e1	dbcan_sub	1e-15
dbcan_sub	GH29_e124	CAZY	GH29_e124	dbcan_sub	1e-15
dbcan_sub	GH29_e126	CAZY	GH29_e126	dbcan_sub	1e-15
dbcan_sub	GH29_e13	CAZY	GH29_e13	dbcan_sub	1e-15
dbcan_sub	GH29_e149	CAZY	GH29_e149	dbcan_sub	1e-15
dbcan_sub	GH29_e17	CAZY	GH29_e17	dbcan_sub	1e-15
dbcan_sub	GH29_e29	CAZY	GH29_e29	dbcan_sub	1e-15
dbcan_sub	GH29_e30	CAZY	GH29_e30	dbcan_sub	1e-15
dbcan_sub	GH29_e53	CAZY	GH29_e53	dbcan_sub	1e-15
dbcan_sub	GH29_e70	CAZY	GH29_e70	dbcan_sub	1e-15
dbcan_sub	GH29_e79	CAZY	GH29_e79	dbcan_sub	1e-15
dbcan_sub	GH29_e8	CAZY	GH29_e8	dbcan_sub	1e-15
dbcan_sub	GH29_e81	CAZY	GH29_e81	dbcan_sub	1e-15
dbcan_sub	GH29_e85	CAZY	GH29_e85	dbcan_sub	1e-15
dbcan_sub	GH30_e138	CAZY	GH30_e138	dbcan_sub	1e-15
dbcan_sub	GH30_e145	CAZY	GH30_e145	dbcan_sub	1e-15
dbcan_sub	GH30_e48	CAZY	GH30_e48	dbcan_sub	1e-15
dbcan_sub	GH30_e78	CAZY	GH30_e78	dbcan_sub	1e-15
dbcan_sub	GH31_e102	CAZY	GH31_e102	dbcan_sub	1e-15
dbcan_sub	GH31_e177	CAZY	GH31_e177	dbcan_sub	1e-15
dbcan_sub	GH31_e22	CAZY	GH31_e22	dbcan_sub	1e-15
dbcan_sub	GH31_e39	CAZY	GH31_e39	dbcan_sub	1e-15
dbcan_sub	GH31_e41	CAZY	GH31_e41	dbcan_sub	1e-15
dbcan_sub	GH31_e42	CAZY	GH31_e42	dbcan_sub	1e-15
dbcan_sub	GH31_e56	CAZY	GH31_e56	dbcan_sub	1e-15
dbcan_sub	GH31_e7	CAZY	GH31_e7	dbcan_sub	1e-15
dbcan_sub	GH31_e73	CAZY	GH31_e73	dbcan_sub	1e-15
dbcan_sub	GH31_e78	CAZY	GH31_e78	dbcan_sub	1e-15
dbcan_sub	GH31_e82	CAZY	GH31_e82	dbcan_sub	1e-15
dbcan_sub	GH33_e105	CAZY	GH33_e105	dbcan_sub	1e-15
dbcan_sub	GH33_e121	CAZY	GH33_e121	dbcan_sub	1e-15
dbcan_sub	GH33_e129	CAZY	GH33_e129	dbcan_sub	1e-15
dbcan_sub	GH33_e130	CAZY	GH33_e130	dbcan_sub	1e-15
dbcan_sub	GH33_e131	CAZY	GH33_e131	dbcan_sub	1e-15
dbcan_sub	GH33_e132	CAZY	GH33_e132	dbcan_sub	1e-15
dbcan_sub	GH33_e135	CAZY	GH33_e135	dbcan_sub	1e-15
dbcan_sub	GH33_e163	CAZY	GH33_e163	dbcan_sub	1e-15
dbcan_sub	GH33_e197	CAZY	GH33_e197	dbcan_sub	1e-15
dbcan_sub	GH33_e22	CAZY	GH33_e22	dbcan_sub	1e-15
dbcan_sub	GH33_e41	CAZY	GH33_e41	dbcan_sub	1e-15
dbcan_sub	GH33_e5	CAZY	GH33_e5	dbcan_sub	1e-15
dbcan_sub	GH33_e66	CAZY	GH33_e66	dbcan_sub	1e-15
dbcan_sub	GH33_e75	CAZY	GH33_e75	dbcan_sub	1e-15
dbcan_sub	GH33_e77	CAZY	GH33_e77	dbcan_sub	1e-15
dbcan_sub	GH33_e9	CAZY	GH33_e9	dbcan_sub	1e-15
dbcan_sub	GH33_e91	CAZY	GH33_e91	dbcan_sub	1e-15
dbcan_sub	GH39_e131	CAZY	GH39_e131	dbcan_sub	1e-15
dbcan_sub	GH39_e264	CAZY	GH39_e264	dbcan_sub	1e-15
dbcan_sub	GH39_e57	CAZY	GH39_e57	dbcan_sub	1e-15
dbcan_sub	GH39_e74	CAZY	GH39_e74	dbcan_sub	1e-15
dbcan_sub	GH3_e0	CAZY	GH3_e0	dbcan_sub	1e-15
dbcan_sub	GH3_e165	CAZY	GH3_e165	dbcan_sub	1e-15
dbcan_sub	GH3_e21	CAZY	GH3_e21	dbcan_sub	1e-15
dbcan_sub	GH3_e32	CAZY	GH3_e32	dbcan_sub	1e-15
dbcan_sub	GH3_e50	CAZY	GH3_e50	dbcan_sub	1e-15
dbcan_sub	GH3_e73	CAZY	GH3_e73	dbcan_sub	1e-15
dbcan_sub	GH3_e88	CAZY	GH3_e88	dbcan_sub	1e-15
dbcan_sub	GH43_e0	CAZY	GH43_e0	dbcan_sub	1e-15
dbcan_sub	GH43_e118	CAZY	GH43_e118	dbcan_sub	1e-15
dbcan_sub	GH43_e124	CAZY	GH43_e124	dbcan_sub	1e-15
dbcan_sub	GH43_e159	CAZY	GH43_e159	dbcan_sub	1e-15
dbcan_sub	GH43_e173	CAZY	GH43_e173	dbcan_sub	1e-15
dbcan_sub	GH43_e188	CAZY	GH43_e188	dbcan_sub	1e-15
dbcan_sub	GH43_e194	CAZY	GH43_e194	dbcan_sub	1e-15
dbcan_sub	GH43_e2	CAZY	GH43_e2	dbcan_sub	1e-15
dbcan_sub	GH43_e239	CAZY	GH43_e239	dbcan_sub	1e-15
dbcan_sub	GH43_e259	CAZY	GH43_e259	dbcan_sub	1e-15
dbcan_sub	GH43_e261	CAZY	GH43_e261	dbcan_sub	1e-15
dbcan_sub	GH43_e264	CAZY	GH43_e264	dbcan_sub	1e-15
dbcan_sub	GH43_e285	CAZY	GH43_e285	dbcan_sub	1e-15
dbcan_sub	GH43_e311	CAZY	GH43_e311	dbcan_sub	1e-15
dbcan_sub	GH43_e327	CAZY	GH43_e327	dbcan_sub	1e-15
dbcan_sub	GH43_e330	CAZY	GH43_e330	dbcan_sub	1e-15
dbcan_sub	GH43_e398	CAZY	GH43_e398	dbcan_sub	1e-15
dbcan_sub	GH43_e429	CAZY	GH43_e429	dbcan_sub	1e-15
dbcan_sub	GH43_e459	CAZY	GH43_e459	dbcan_sub	1e-15
dbcan_sub	GH43_e52	CAZY	GH43_e52	dbcan_sub	1e-15
dbcan_sub	GH43_e53	CAZY	GH43_e53	dbcan_sub	1e-15
dbcan_sub	GH43_e532	CAZY	GH43_e532	dbcan_sub	1e-15
dbcan_sub	GH43_e59	CAZY	GH43_e59	dbcan_sub	1e-15
dbcan_sub	GH43_e67	CAZY	GH43_e67	dbcan_sub	1e-15
dbcan_sub	GH43_e79	CAZY	GH43_e79	dbcan_sub	1e-15
dbcan_sub	GH43_e84	CAZY	GH43_e84	dbcan_sub	1e-15
dbcan_sub	GH4_e14	CAZY	GH4_e14	dbcan_sub	1e-15
dbcan_sub	GH4_e30	CAZY	GH4_e30	dbcan_sub	1e-15
dbcan_sub	GH4_e34	CAZY	GH4_e34	dbcan_sub	1e-15
dbcan_sub	GH4_e6	CAZY	GH4_e6	dbcan_sub	1e-15
dbcan_sub	GH51_e0	CAZY	GH51_e0	dbcan_sub	1e-15
dbcan_sub	GH51_e1	CAZY	GH51_e1	dbcan_sub	1e-15
dbcan_sub	GH51_e19	CAZY	GH51_e19	dbcan_sub	1e-15
dbcan_sub	GH51_e26	CAZY	GH51_e26	dbcan_sub	1e-15
dbcan_sub	GH51_e31	CAZY	GH51_e31	dbcan_sub	1e-15
dbcan_sub	GH51_e34	CAZY	GH51_e34	dbcan_sub	1e-15
dbcan_sub	GH51_e35	CAZY	GH51_e35	dbcan_sub	1e-15
dbcan_sub	GH51_e36	CAZY	GH51_e36	dbcan_sub	1e-15
dbcan_sub	GH51_e4	CAZY	GH51_e4	dbcan_sub	1e-15
dbcan_sub	GH51_e47	CAZY	GH51_e47	dbcan_sub	1e-15
dbcan_sub	GH51_e51	CAZY	GH51_e51	dbcan_sub	1e-15
dbcan_sub	GH51_e65	CAZY	GH51_e65	dbcan_sub	1e-15
dbcan_sub	GH51_e9	CAZY	GH51_e9	dbcan_sub	1e-15
dbcan_sub	GH52_e0	CAZY	GH52_e0	dbcan_sub	1e-15
dbcan_sub	GH54_e0	CAZY	GH54_e0	dbcan_sub	1e-15
dbcan_sub	GH57_e11	CAZY	GH57_e11	dbcan_sub	1e-15
dbcan_sub	GH57_e15	CAZY	GH57_e15	dbcan_sub	1e-15
dbcan_sub	GH57_e30	CAZY	GH57_e30	dbcan_sub	1e-15
dbcan_sub	GH57_e63	CAZY	GH57_e63	dbcan_sub	1e-15
dbcan_sub	GH5_e130	CAZY	GH5_e130	dbcan_sub	1e-15
dbcan_sub	GH5_e141	CAZY	GH5_e141	dbcan_sub	1e-15
dbcan_sub	GH5_e243	CAZY	GH5_e243	dbcan_sub	1e-15
dbcan_sub	GH5_e288	CAZY	GH5_e288	dbcan_sub	1e-15
dbcan_sub	GH5_e29	CAZY	GH5_e29	dbcan_sub	1e-15
dbcan_sub	GH5_e319	CAZY	GH5_e319	dbcan_sub	1e-15
dbcan_sub	GH5_e55	CAZY	GH5_e55	dbcan_sub	1e-15
dbcan_sub	GH5_e77	CAZY	GH5_e77	dbcan_sub	1e-15
dbcan_sub	GH62_e0	CAZY	GH62_e0	dbcan_sub	1e-15
dbcan_sub	GH62_e1	CAZY	GH62_e1	dbcan_sub	1e-15
dbcan_sub	GH62_e9	CAZY	GH62_e9	dbcan_sub	1e-15
dbcan_sub	GH63_e1	CAZY	GH63_e1	dbcan_sub	1e-15
dbcan_sub	GH8_e19	CAZY	GH8_e19	dbcan_sub	1e-15
dbcan_sub	GH8_e37	CAZY	GH8_e37	dbcan_sub	1e-15
dbcan_sub	GH8_e9	CAZY	GH8_e9	dbcan_sub	1e-15
dbcan_sub	GH95_e0	CAZY	GH95_e0	dbcan_sub	1e-15
dbcan_sub	GH95_e2	CAZY	GH95_e2	dbcan_sub	1e-15
dbcan_sub	GH95_e21	CAZY	GH95_e21	dbcan_sub	1e-15
dbcan_sub	GH95_e26	CAZY	GH95_e26	dbcan_sub	1e-15
dbcan_sub	GH95_e3	CAZY	GH95_e3	dbcan_sub	1e-15
dbcan_sub	GH97_e22	CAZY	GH97_e22	dbcan_sub	1e-15
dbcan_sub	GH98_e0	CAZY	GH98_e0	dbcan_sub	1e-15
dbcan_sub	GH9_e16	CAZY	GH9_e16	dbcan_sub	1e-15
dbcan_sub	PL10_e2	CAZY	PL10_e2	dbcan_sub	1e-15
dbcan_sub	PL10_e5	CAZY	PL10_e5	dbcan_sub	1e-15
dbcan_sub	PL1_e103	CAZY	PL1_e103	dbcan_sub	1e-15
dbcan_sub	PL1_e108	CAZY	PL1_e108	dbcan_sub	1e-15
dbcan_sub	PL1_e124	CAZY	PL1_e124	dbcan_sub	1e-15
dbcan_sub	PL1_e16	CAZY	PL1_e16	dbcan_sub	1e-15
dbcan_sub	PL1_e163	CAZY	PL1_e163	dbcan_sub	1e-15
dbcan_sub	PL1_e165	CAZY	PL1_e165	dbcan_sub	1e-15
dbcan_sub	PL1_e18	CAZY	PL1_e18	dbcan_sub	1e-15
dbcan_sub	PL1_e2	CAZY	PL1_e2	dbcan_sub	1e-15
dbcan_sub	PL1_e20	CAZY	PL1_e20	dbcan_sub	1e-15
dbcan_sub	PL1_e25	CAZY	PL1_e25	dbcan_sub	1e-15
dbcan_sub	PL1_e3	CAZY	PL1_e3	dbcan_sub	1e-15
dbcan_sub	PL1_e33	CAZY	PL1_e33	dbcan_sub	1e-15
dbcan_sub	PL1_e36	CAZY	PL1_e36	dbcan_sub	1e-15
dbcan_sub	PL1_e4	CAZY	PL1_e4	dbcan_sub	1e-15
dbcan_sub	PL1_e51	CAZY	PL1_e51	dbcan_sub	1e-15
dbcan_sub	PL1_e53	CAZY	PL1_e53	dbcan_sub	1e-15
dbcan_sub	PL1_e60	CAZY	PL1_e60	dbcan_sub	1e-15
dbcan_sub	PL1_e67	CAZY	PL1_e67	dbcan_sub	1e-15
dbcan_sub	PL1_e68	CAZY	PL1_e68	dbcan_sub	1e-15
dbcan_sub	PL1_e71	CAZY	PL1_e71	dbcan_sub	1e-15
dbcan_sub	PL1_e73	CAZY	PL1_e73	dbcan_sub	1e-15
dbcan_sub	PL1_e75	CAZY	PL1_e75	dbcan_sub	1e-15
dbcan_sub	PL1_e79	CAZY	PL1_e79	dbcan_sub	1e-15
dbcan_sub	PL1_e8	CAZY	PL1_e8	dbcan_sub	1e-15
dbcan_sub	PL1_e88	CAZY	PL1_e88	dbcan_sub	1e-15
dbcan_sub	PL2_e0	CAZY	PL2_e0	dbcan_sub	1e-15
dbcan_sub	PL2_e1	CAZY	PL2_e1	dbcan_sub	1e-15
dbcan_sub	PL3_e0	CAZY	PL3_e0	dbcan_sub	1e-15
dbcan_sub	PL3_e10	CAZY	PL3_e10	dbcan_sub	1e-15
dbcan_sub	PL3_e12	CAZY	PL3_e12	dbcan_sub	1e-15
dbcan_sub	PL3_e16	CAZY	PL3_e16	dbcan_sub	1e-15
dbcan_sub	PL3_e18	CAZY	PL3_e18	dbcan_sub	1e-15
dbcan_sub	PL3_e8	CAZY	PL3_e8	dbcan_sub	1e-15
dbcan_sub	PL3_e9	CAZY	PL3_e9	dbcan_sub	1e-15
dbcan_sub	PL9_e1	CAZY	PL9_e1	dbcan_sub	1e-15
dbcan_sub	PL9_e23	CAZY	PL9_e23	dbcan_sub	1e-15
dbcan_sub	PL9_e31	CAZY	PL9_e31	dbcan_sub	1e-15
dbcan_sub	PL9_e8	CAZY	PL9_e8	dbcan_sub	1e-15
