scenario	gift_type	genome_gift_calls	giftag_complete	scenario_complete	gained	lost	flipped_genome_gift_calls
KofamScan-full-kofam	metabolic	1144	506	506	0	0	0
KofamScan-full-kofam	structural	72	10	10	0	0	0
KofamScan-full-kofam	regulatory	32	10	10	0	0	0
KofamScan-full-kofam	defense	56	29	29	0	0	0
KofamScan-subset-kofam	metabolic	1144	506	506	0	0	0
KofamScan-subset-kofam	structural	72	10	10	0	0	0
KofamScan-subset-kofam	regulatory	32	10	10	0	0	0
KofamScan-subset-kofam	defense	56	29	29	0	0	0
run_dbcan-full-dbcan_family	metabolic	1144	506	506	0	0	0
run_dbcan-full-dbcan_family	structural	72	10	10	0	0	0
run_dbcan-full-dbcan_family	regulatory	32	10	10	0	0	0
run_dbcan-full-dbcan_family	defense	56	29	29	0	0	0
run_dbcan-full-dbcan_sub	metabolic	1144	506	506	0	0	0
run_dbcan-full-dbcan_sub	structural	72	10	10	0	0	0
run_dbcan-full-dbcan_sub	regulatory	32	10	10	0	0	0
run_dbcan-full-dbcan_sub	defense	56	29	29	0	0	0
run_dbcan-subset-dbcan_family	metabolic	1144	506	506	0	0	0
run_dbcan-subset-dbcan_family	structural	72	10	10	0	0	0
run_dbcan-subset-dbcan_family	regulatory	32	10	10	0	0	0
run_dbcan-subset-dbcan_family	defense	56	29	29	0	0	0
run_dbcan-subset-dbcan_sub	metabolic	1144	506	506	0	0	0
run_dbcan-subset-dbcan_sub	structural	72	10	10	0	0	0
run_dbcan-subset-dbcan_sub	regulatory	32	10	10	0	0	0
run_dbcan-subset-dbcan_sub	defense	56	29	29	0	0	0
HMMER3-subset-pfam	metabolic	1144	506	506	0	0	0
HMMER3-subset-pfam	structural	72	10	10	0	0	0
HMMER3-subset-pfam	regulatory	32	10	10	0	0	0
HMMER3-subset-pfam	defense	56	29	29	0	0	0
HMMER3-subset-ncbifam	metabolic	1144	506	506	0	0	0
HMMER3-subset-ncbifam	structural	72	10	10	0	0	0
HMMER3-subset-ncbifam	regulatory	32	10	10	0	0	0
HMMER3-subset-ncbifam	defense	56	29	29	0	0	0
InterProScan5-full-pfam	metabolic	1144	506	506	0	0	0
InterProScan5-full-pfam	structural	72	10	10	0	0	0
InterProScan5-full-pfam	regulatory	32	10	10	0	0	0
InterProScan5-full-pfam	defense	56	29	29	0	0	0
InterProScan5-full-ncbifam	metabolic	1144	506	505	0	1	1
InterProScan5-full-ncbifam	structural	72	10	10	0	0	0
InterProScan5-full-ncbifam	regulatory	32	10	10	0	0	0
InterProScan5-full-ncbifam	defense	56	29	29	0	0	0
InterProScan6-full-pfam	metabolic	1144	506	506	0	0	0
InterProScan6-full-pfam	structural	72	10	10	0	0	0
InterProScan6-full-pfam	regulatory	32	10	10	0	0	0
InterProScan6-full-pfam	defense	56	29	29	0	0	0
InterProScan6-full-ncbifam	metabolic	1144	506	506	0	0	0
InterProScan6-full-ncbifam	structural	72	10	10	0	0	0
InterProScan6-full-ncbifam	regulatory	32	10	10	0	0	0
InterProScan6-full-ncbifam	defense	56	29	29	0	0	0
stack-targeted	metabolic	1144	506	506	0	0	0
stack-targeted	structural	72	10	10	0	0	0
stack-targeted	regulatory	32	10	10	0	0	0
stack-targeted	defense	56	29	29	0	0	0
stack-full-interpro5	metabolic	1144	506	505	0	1	1
stack-full-interpro5	structural	72	10	10	0	0	0
stack-full-interpro5	regulatory	32	10	10	0	0	0
stack-full-interpro5	defense	56	29	29	0	0	0
stack-full-interpro6	metabolic	1144	506	506	0	0	0
stack-full-interpro6	structural	72	10	10	0	0	0
stack-full-interpro6	regulatory	32	10	10	0	0	0
stack-full-interpro6	defense	56	29	29	0	0	0
