genome_id	gene_id	namespace	accession
ecoli_mg1655	ecoli_mg1655_p000052	NCBIFAM	NF002997.0
ecoli_mg1655	ecoli_mg1655_p000430	NCBIFAM	TIGR00109.1
ecoli_mg1655	ecoli_mg1655_p000524	NCBIFAM	NF007604.0
ecoli_mg1655	ecoli_mg1655_p000527	NCBIFAM	NF007605.2
ecoli_mg1655	ecoli_mg1655_p000557	NCBIFAM	TIGR01608.1
ecoli_mg1655	ecoli_mg1655_p000579	NCBIFAM	NF008062.1
ecoli_mg1655	ecoli_mg1655_p000604	NCBIFAM	NF008371.0
ecoli_mg1655	ecoli_mg1655_p000604	NCBIFAM	TIGR00221.1
ecoli_mg1655	ecoli_mg1655_p000605	NCBIFAM	NF001685.0
ecoli_mg1655	ecoli_mg1655_p000605	NCBIFAM	TIGR00502.1
ecoli_mg1655	ecoli_mg1655_p000606	NCBIFAM	NF007608.0
ecoli_mg1655	ecoli_mg1655_p000606	NCBIFAM	TIGR01998.1
ecoli_mg1655	ecoli_mg1655_p000647	NCBIFAM	NF008907.0
ecoli_mg1655	ecoli_mg1655_p001023	NCBIFAM	NF009835.0
ecoli_mg1655	ecoli_mg1655_p001279	TIGRFAM	TIGR02155
ecoli_mg1655	ecoli_mg1655_p001662	NCBIFAM	TIGR00720.1
ecoli_mg1655	ecoli_mg1655_p001841	NCBIFAM	TIGR01261.1
ecoli_mg1655	ecoli_mg1655_p001845	NCBIFAM	TIGR03188.1
ecoli_mg1655	ecoli_mg1655_p002510	NCBIFAM	NF002537.0
ecoli_mg1655	ecoli_mg1655_p002510	NCBIFAM	TIGR02057.1
ecoli_mg1655	ecoli_mg1655_p002543	NCBIFAM	TIGR00720.1
ecoli_mg1655	ecoli_mg1655_p002548	NCBIFAM	NF008220.0
ecoli_mg1655	ecoli_mg1655_p002548	NCBIFAM	TIGR01089.1
ecoli_mg1655	ecoli_mg1655_p002642	NCBIFAM	NF008759.0
ecoli_mg1655	ecoli_mg1655_p002889	NCBIFAM	NF008142.0
ecoli_mg1655	ecoli_mg1655_p002889	NCBIFAM	TIGR04409.1
ecoli_mg1655	ecoli_mg1655_p002890	NCBIFAM	NF008143.0
ecoli_mg1655	ecoli_mg1655_p002890	NCBIFAM	TIGR03002.1
ecoli_mg1655	ecoli_mg1655_p002891	NCBIFAM	NF008144.0
ecoli_mg1655	ecoli_mg1655_p002891	NCBIFAM	TIGR04406.1
ecoli_mg1655	ecoli_mg1655_p002957	TIGRFAM	TIGR00507
ecoli_mg1655	ecoli_mg1655_p002997	NCBIFAM	TIGR01713.1
ecoli_mg1655	ecoli_mg1655_p002998	NCBIFAM	TIGR02517.1
ecoli_mg1655	ecoli_mg1655_p002999	NCBIFAM	TIGR02533.1
ecoli_mg1655	ecoli_mg1655_p003000	NCBIFAM	TIGR02120.1
ecoli_mg1655	ecoli_mg1655_p003001	NCBIFAM	TIGR01710.1
ecoli_mg1655	ecoli_mg1655_p003002	NCBIFAM	TIGR01708.2
ecoli_mg1655	ecoli_mg1655_p003003	NCBIFAM	TIGR01707.1
ecoli_mg1655	ecoli_mg1655_p003005	NCBIFAM	NF037980.1
ecoli_mg1655	ecoli_mg1655_p003006	NCBIFAM	TIGR01709.2
ecoli_mg1655	ecoli_mg1655_p003568	NCBIFAM	TIGR01001.2
ecoli_mg1655	ecoli_mg1655_p003570	NCBIFAM	NF011645.0
ecoli_mg1655	ecoli_mg1655_p003570	NCBIFAM	TIGR01346.1
ecoli_mg1655	ecoli_mg1655_p003797	NCBIFAM	TIGR04407.1
ecoli_mg1655	ecoli_mg1655_p003798	NCBIFAM	TIGR04408.1
ecoli_mg1655	ecoli_mg1655_p003875	NCBIFAM	NF011615.0
ecoli_mg1655	ecoli_mg1655_p004093	NCBIFAM	TIGR01709.2
ecoli_mg1655	ecoli_mg1655_p004095	NCBIFAM	TIGR01713.1
ecoli_mg1655	ecoli_mg1655_p004180	NCBIFAM	TIGR00720.1
ecoli_mg1655	ecoli_mg1655_p004214	NCBIFAM	NF009022.0
btheta_vpi5482	btheta_vpi5482_p000456	NCBIFAM	TIGR04406.1
btheta_vpi5482	btheta_vpi5482_p000535	NCBIFAM	TIGR00502.1
btheta_vpi5482	btheta_vpi5482_p000808	NCBIFAM	TIGR03188.1
btheta_vpi5482	btheta_vpi5482_p001364	NCBIFAM	TIGR04409.1
btheta_vpi5482	btheta_vpi5482_p001515	NCBIFAM	NF005492.0
btheta_vpi5482	btheta_vpi5482_p001653	NCBIFAM	TIGR00221.1
btheta_vpi5482	btheta_vpi5482_p001914	NCBIFAM	TIGR01261.1
btheta_vpi5482	btheta_vpi5482_p002753	NCBIFAM	TIGR00221.1
btheta_vpi5482	btheta_vpi5482_p002937	NCBIFAM	NF008220.0
btheta_vpi5482	btheta_vpi5482_p002937	NCBIFAM	TIGR01089.1
btheta_vpi5482	btheta_vpi5482_p003812	NCBIFAM	TIGR00221.1
btheta_vpi5482	btheta_vpi5482_p004209	NCBIFAM	TIGR00720.1
bsubtilis_168	bsubtilis_168_p000230	NCBIFAM	TIGR00502.1
bsubtilis_168	bsubtilis_168_p000753	NCBIFAM	TIGR01998.1
bsubtilis_168	bsubtilis_168_p000985	NCBIFAM	TIGR00109.1
bsubtilis_168	bsubtilis_168_p000986	NCBIFAM	NF008845.0
bsubtilis_168	bsubtilis_168_p000986	NCBIFAM	TIGR00562.1
bsubtilis_168	bsubtilis_168_p001063	NCBIFAM	NF002537.0
bsubtilis_168	bsubtilis_168_p001520	NCBIFAM	NF002537.0
bsubtilis_168	bsubtilis_168_p001547	NCBIFAM	TIGR00719.1
bsubtilis_168	bsubtilis_168_p001548	NCBIFAM	TIGR00718.1
bsubtilis_168	bsubtilis_168_p001886	NCBIFAM	NF008907.0
bsubtilis_168	bsubtilis_168_p002245	NCBIFAM	TIGR01327.1
bsubtilis_168	bsubtilis_168_p002498	TIGRFAM	TIGR00507
bsubtilis_168	bsubtilis_168_p002881	NCBIFAM	NF005996.1
bsubtilis_168	bsubtilis_168_p003389	NCBIFAM	TIGR03188.1
bsubtilis_168	bsubtilis_168_p003404	NCBIFAM	TIGR00221.1
bsubtilis_168	bsubtilis_168_p003405	NCBIFAM	TIGR00502.1
bsubtilis_168	bsubtilis_168_p003698	NCBIFAM	NF009259.0
paeruginosa_pao1	paeruginosa_pao1_p000025	TIGRFAM	TIGR00507
paeruginosa_pao1	paeruginosa_pao1_p000076	NCBIFAM	TIGR03348.1
paeruginosa_pao1	paeruginosa_pao1_p000077	NCBIFAM	NF005444.0
paeruginosa_pao1	paeruginosa_pao1_p000078	NCBIFAM	TIGR03353.2
paeruginosa_pao1	paeruginosa_pao1_p000079	NCBIFAM	TIGR03352.1
paeruginosa_pao1	paeruginosa_pao1_p000081	NCBIFAM	TIGR03363.1
paeruginosa_pao1	paeruginosa_pao1_p000082	NCBIFAM	TIGR03358.1
paeruginosa_pao1	paeruginosa_pao1_p000083	NCBIFAM	TIGR03355.1
paeruginosa_pao1	paeruginosa_pao1_p000086	NCBIFAM	TIGR03357.1
paeruginosa_pao1	paeruginosa_pao1_p000087	NCBIFAM	TIGR03359.1
paeruginosa_pao1	paeruginosa_pao1_p000088	NCBIFAM	TIGR03347.1
paeruginosa_pao1	paeruginosa_pao1_p000089	NCBIFAM	TIGR03345.1
paeruginosa_pao1	paeruginosa_pao1_p000313	NCBIFAM	NF008759.0
paeruginosa_pao1	paeruginosa_pao1_p000386	NCBIFAM	NF001209.0
paeruginosa_pao1	paeruginosa_pao1_p000507	NCBIFAM	NF040707.3
paeruginosa_pao1	paeruginosa_pao1_p000509	NCBIFAM	NF040707.3
paeruginosa_pao1	paeruginosa_pao1_p000671	NCBIFAM	TIGR01708.2
paeruginosa_pao1	paeruginosa_pao1_p000673	NCBIFAM	TIGR01707.1
paeruginosa_pao1	paeruginosa_pao1_p000674	NCBIFAM	TIGR01710.1
paeruginosa_pao1	paeruginosa_pao1_p000675	NCBIFAM	NF037980.1
paeruginosa_pao1	paeruginosa_pao1_p000676	NCBIFAM	TIGR01709.2
paeruginosa_pao1	paeruginosa_pao1_p000678	NCBIFAM	TIGR02517.1
paeruginosa_pao1	paeruginosa_pao1_p000679	NCBIFAM	TIGR02533.1
paeruginosa_pao1	paeruginosa_pao1_p000680	NCBIFAM	TIGR02120.1
paeruginosa_pao1	paeruginosa_pao1_p001565	NCBIFAM	NF008907.0
paeruginosa_pao1	paeruginosa_pao1_p001636	NCBIFAM	TIGR03362.1
paeruginosa_pao1	paeruginosa_pao1_p001637	NCBIFAM	TIGR03358.1
paeruginosa_pao1	paeruginosa_pao1_p001638	NCBIFAM	TIGR03355.1
paeruginosa_pao1	paeruginosa_pao1_p001639	NCBIFAM	TIGR03357.1
paeruginosa_pao1	paeruginosa_pao1_p001640	NCBIFAM	TIGR03359.1
paeruginosa_pao1	paeruginosa_pao1_p001641	NCBIFAM	TIGR03347.1
paeruginosa_pao1	paeruginosa_pao1_p001642	NCBIFAM	TIGR03345.1
paeruginosa_pao1	paeruginosa_pao1_p001646	NCBIFAM	TIGR03352.1
paeruginosa_pao1	paeruginosa_pao1_p001647	NCBIFAM	TIGR03353.2
paeruginosa_pao1	paeruginosa_pao1_p001649	NCBIFAM	TIGR03348.1
paeruginosa_pao1	paeruginosa_pao1_p001670	NCBIFAM	TIGR01404.2
paeruginosa_pao1	paeruginosa_pao1_p001671	NCBIFAM	TIGR01401.1
paeruginosa_pao1	paeruginosa_pao1_p001672	NCBIFAM	TIGR01403.1
paeruginosa_pao1	paeruginosa_pao1_p001673	NCBIFAM	TIGR01102.1
paeruginosa_pao1	paeruginosa_pao1_p001674	NCBIFAM	TIGR02551.1
paeruginosa_pao1	paeruginosa_pao1_p001677	NCBIFAM	TIGR02546.1
paeruginosa_pao1	paeruginosa_pao1_p001683	NCBIFAM	TIGR01399.1
paeruginosa_pao1	paeruginosa_pao1_p001696	NCBIFAM	TIGR02516.1
paeruginosa_pao1	paeruginosa_pao1_p001697	NCBIFAM	TIGR02500.1
paeruginosa_pao1	paeruginosa_pao1_p001699	NCBIFAM	TIGR02105.1
paeruginosa_pao1	paeruginosa_pao1_p001703	NCBIFAM	TIGR02544.1
paeruginosa_pao1	paeruginosa_pao1_p001736	NCBIFAM	NF002537.0
paeruginosa_pao1	paeruginosa_pao1_p001847	NCBIFAM	TIGR02517.1
paeruginosa_pao1	paeruginosa_pao1_p002331	NCBIFAM	TIGR03363.1
paeruginosa_pao1	paeruginosa_pao1_p002334	NCBIFAM	TIGR03353.2
paeruginosa_pao1	paeruginosa_pao1_p002336	NCBIFAM	TIGR03358.1
paeruginosa_pao1	paeruginosa_pao1_p002337	NCBIFAM	TIGR03355.1
paeruginosa_pao1	paeruginosa_pao1_p002339	NCBIFAM	TIGR03357.1
paeruginosa_pao1	paeruginosa_pao1_p002340	NCBIFAM	TIGR03359.1
paeruginosa_pao1	paeruginosa_pao1_p002341	NCBIFAM	TIGR03347.1
paeruginosa_pao1	paeruginosa_pao1_p002342	NCBIFAM	TIGR03345.1
paeruginosa_pao1	paeruginosa_pao1_p002412	NCBIFAM	TIGR00720.1
paeruginosa_pao1	paeruginosa_pao1_p002600	NCBIFAM	NF005074.0
paeruginosa_pao1	paeruginosa_pao1_p002640	NCBIFAM	TIGR01710.1
paeruginosa_pao1	paeruginosa_pao1_p002863	NCBIFAM	TIGR01466.1
paeruginosa_pao1	paeruginosa_pao1_p002864	NCBIFAM	NF004647.0
paeruginosa_pao1	paeruginosa_pao1_p002864	NCBIFAM	TIGR01467.1
paeruginosa_pao1	paeruginosa_pao1_p002865	NCBIFAM	NF006136.0
paeruginosa_pao1	paeruginosa_pao1_p002869	NCBIFAM	NF005969.0
paeruginosa_pao1	paeruginosa_pao1_p002908	NCBIFAM	TIGR01465.1
paeruginosa_pao1	paeruginosa_pao1_p003055	NCBIFAM	TIGR01709.2
paeruginosa_pao1	paeruginosa_pao1_p003056	NCBIFAM	NF037980.1
paeruginosa_pao1	paeruginosa_pao1_p003057	NCBIFAM	TIGR01711.1
paeruginosa_pao1	paeruginosa_pao1_p003058	NCBIFAM	TIGR01707.1
paeruginosa_pao1	paeruginosa_pao1_p003059	NCBIFAM	TIGR01708.2
paeruginosa_pao1	paeruginosa_pao1_p003060	NCBIFAM	TIGR01710.1
paeruginosa_pao1	paeruginosa_pao1_p003061	NCBIFAM	TIGR02120.1
paeruginosa_pao1	paeruginosa_pao1_p003062	NCBIFAM	TIGR02533.1
paeruginosa_pao1	paeruginosa_pao1_p003064	NCBIFAM	TIGR02517.1
paeruginosa_pao1	paeruginosa_pao1_p003711	NCBIFAM	TIGR00221.1
paeruginosa_pao1	paeruginosa_pao1_p003714	NCBIFAM	TIGR01998.1
paeruginosa_pao1	paeruginosa_pao1_p003780	NCBIFAM	TIGR04408.1
paeruginosa_pao1	paeruginosa_pao1_p003781	NCBIFAM	TIGR04407.1
paeruginosa_pao1	paeruginosa_pao1_p004405	NCBIFAM	TIGR04409.1
paeruginosa_pao1	paeruginosa_pao1_p004406	NCBIFAM	TIGR03002.1
paeruginosa_pao1	paeruginosa_pao1_p004407	NCBIFAM	NF008144.0
paeruginosa_pao1	paeruginosa_pao1_p004407	NCBIFAM	TIGR04406.1
paeruginosa_pao1	paeruginosa_pao1_p004598	NCBIFAM	TIGR00109.1
paeruginosa_pao1	paeruginosa_pao1_p005007	NCBIFAM	NF001611.0
paeruginosa_pao1	paeruginosa_pao1_p005007	NCBIFAM	TIGR03188.1
paeruginosa_pao1	paeruginosa_pao1_p005318	NCBIFAM	TIGR00720.1
scoelicolor_m145	scoelicolor_m145_p000411	NCBIFAM	NF002537.0
scoelicolor_m145	scoelicolor_m145_p000429	NCBIFAM	TIGR00562.1
scoelicolor_m145	scoelicolor_m145_p000494	NCBIFAM	NF000689.1
scoelicolor_m145	scoelicolor_m145_p000494	NCBIFAM	TIGR00109.1
scoelicolor_m145	scoelicolor_m145_p000625	NCBIFAM	TIGR01327.1
scoelicolor_m145	scoelicolor_m145_p000753	NCBIFAM	TIGR02067.1
scoelicolor_m145	scoelicolor_m145_p001410	NCBIFAM	NF005968.0
scoelicolor_m145	scoelicolor_m145_p001410	NCBIFAM	TIGR00715.1
scoelicolor_m145	scoelicolor_m145_p003051	NCBIFAM	NF011645.0
scoelicolor_m145	scoelicolor_m145_p003051	NCBIFAM	TIGR01346.1
scoelicolor_m145	scoelicolor_m145_p003281	NCBIFAM	NF001610.0
scoelicolor_m145	scoelicolor_m145_p003281	NCBIFAM	TIGR03188.1
scoelicolor_m145	scoelicolor_m145_p003437	NCBIFAM	TIGR01467.1
scoelicolor_m145	scoelicolor_m145_p004070	NCBIFAM	NF006136.0
scoelicolor_m145	scoelicolor_m145_p004530	NCBIFAM	TIGR00221.1
scoelicolor_m145	scoelicolor_m145_p004760	NCBIFAM	NF006916.0
scoelicolor_m145	scoelicolor_m145_p004957	NCBIFAM	TIGR00502.1
scoelicolor_m145	scoelicolor_m145_p004974	NCBIFAM	NF008907.0
scoelicolor_m145	scoelicolor_m145_p005060	NCBIFAM	TIGR00720.1
scoelicolor_m145	scoelicolor_m145_p005250	PFAM	PF01752
scoelicolor_m145	scoelicolor_m145_p006109	TIGRFAM	TIGR02155
scoelicolor_m145	scoelicolor_m145_p007079	NCBIFAM	TIGR01465.1
scoelicolor_m145	scoelicolor_m145_p007081	NCBIFAM	TIGR01466.1
cacetobutylicum_824	cacetobutylicum_824_p000322	NCBIFAM	TIGR00502.1
cacetobutylicum_824	cacetobutylicum_824_p000323	NCBIFAM	TIGR00221.1
cacetobutylicum_824	cacetobutylicum_824_p000766	NCBIFAM	TIGR00719.1
cacetobutylicum_824	cacetobutylicum_824_p000767	NCBIFAM	TIGR00718.1
cacetobutylicum_824	cacetobutylicum_824_p000974	TIGRFAM	TIGR00507
cacetobutylicum_824	cacetobutylicum_824_p001018	NCBIFAM	NF001611.0
cacetobutylicum_824	cacetobutylicum_824_p001018	NCBIFAM	TIGR03188.1
cacetobutylicum_824	cacetobutylicum_824_p001380	NCBIFAM	TIGR01998.1
cacetobutylicum_824	cacetobutylicum_824_p001401	NCBIFAM	NF004057.0
cacetobutylicum_824	cacetobutylicum_824_p001404	NCBIFAM	NF004058.0
cacetobutylicum_824	cacetobutylicum_824_p001404	NCBIFAM	TIGR01467.1
cacetobutylicum_824	cacetobutylicum_824_p001405	NCBIFAM	TIGR01465.1
cacetobutylicum_824	cacetobutylicum_824_p001406	NCBIFAM	NF005970.0
cacetobutylicum_824	cacetobutylicum_824_p001406	NCBIFAM	TIGR00715.1
cacetobutylicum_824	cacetobutylicum_824_p001407	NCBIFAM	TIGR01466.1
cacetobutylicum_824	cacetobutylicum_824_p002104	NCBIFAM	TIGR02546.1
cacetobutylicum_824	cacetobutylicum_824_p002358	NCBIFAM	NF005492.0
cacetobutylicum_824	cacetobutylicum_824_p002664	NCBIFAM	NF040707.3
cacetobutylicum_824	cacetobutylicum_824_p002665	NCBIFAM	NF040708.3
synechocystis_6803	synechocystis_6803_p000101	NCBIFAM	TIGR01465.1
synechocystis_6803	synechocystis_6803_p000116	NCBIFAM	TIGR04406.1
synechocystis_6803	synechocystis_6803_p000117	NCBIFAM	NF005970.0
synechocystis_6803	synechocystis_6803_p000117	NCBIFAM	TIGR00715.1
synechocystis_6803	synechocystis_6803_p000194	NCBIFAM	NF002537.0
synechocystis_6803	synechocystis_6803_p000194	NCBIFAM	TIGR02057.1
synechocystis_6803	synechocystis_6803_p000256	NCBIFAM	TIGR01466.1
synechocystis_6803	synechocystis_6803_p000926	NCBIFAM	NF004614.0
synechocystis_6803	synechocystis_6803_p000926	NCBIFAM	TIGR01467.1
synechocystis_6803	synechocystis_6803_p001035	NCBIFAM	TIGR04409.1
synechocystis_6803	synechocystis_6803_p001067	NCBIFAM	TIGR02067.1
synechocystis_6803	synechocystis_6803_p001082	NCBIFAM	TIGR01327.1
synechocystis_6803	synechocystis_6803_p002148	NCBIFAM	TIGR00109.1
synechocystis_6803	synechocystis_6803_p002509	TIGRFAM	TIGR00507
synechocystis_6803	synechocystis_6803_p002942	NCBIFAM	NF004619.0
synechocystis_6803	synechocystis_6803_p002972	NCBIFAM	TIGR03188.1
mjannaschii_2661	mjannaschii_2661_p000193	NCBIFAM	NF001611.0
mjannaschii_2661	mjannaschii_2661_p000193	NCBIFAM	TIGR03188.1
mjannaschii_2661	mjannaschii_2661_p000348	NCBIFAM	TIGR00715.1
mjannaschii_2661	mjannaschii_2661_p000492	NCBIFAM	TIGR01467.1
mjannaschii_2661	mjannaschii_2661_p000521	NCBIFAM	TIGR01466.1
mjannaschii_2661	mjannaschii_2661_p000593	NCBIFAM	NF004901.0
mjannaschii_2661	mjannaschii_2661_p000645	NCBIFAM	TIGR01327.1
mjannaschii_2661	mjannaschii_2661_p000692	TIGRFAM	TIGR00507
mjannaschii_2661	mjannaschii_2661_p001008	NCBIFAM	TIGR01465.1
mjannaschii_2661	mjannaschii_2661_p001367	NCBIFAM	NF004704.2
mjannaschii_2661	mjannaschii_2661_p001368	NCBIFAM	NF040695.1
