genome_id	proteins	stack	giftag_wall_seconds	reference_serial_wall_seconds	wall_ratio_reference_to_giftag	giftag_cpu_seconds	reference_cpu_seconds	cpu_ratio_reference_to_giftag
bsubtilis_168	4237	targeted_reference	49.2654645871371	96.2875737848226	1.9544639351673274	284.18471300000004	350.425888	1.2330919714178994
bsubtilis_168	4237	full_reference_interpro5	49.2654645871371	2909.7740955650806	59.063161586926434	284.18471300000004	4965.507928	17.472818560792884
bsubtilis_168	4237	full_reference_interpro6	49.2654645871371	2839.9352126503363	57.64555833280065	284.18471300000004	4922.317317	17.32083779256627
btheta_vpi5482	4645	targeted_reference	75.8041000654921	146.73569016437978	1.935722342691296	486.856425	596.456132	1.2251171010015942
btheta_vpi5482	4645	full_reference_interpro5	75.8041000654921	2566.2205132385716	33.8533207441477	486.856425	5650.129206	11.605329447998965
btheta_vpi5482	4645	full_reference_interpro6	75.8041000654921	2640.6572013078257	34.835281983776476	486.856425	5864.744065999999	12.046147005249031
cacetobutylicum_824	3835	targeted_reference	47.827911062166095	108.23632386233658	2.263036822194731	275.762942	348.392817	1.2633779378521424
cacetobutylicum_824	3835	full_reference_interpro5	47.827911062166095	2945.9695212356746	61.595195270112086	275.762942	4769.697351000001	17.29636809212748
cacetobutylicum_824	3835	full_reference_interpro6	47.827911062166095	2672.6307591004297	55.880148217775584	275.762942	4262.575102000001	15.457389129537212
ecoli_mg1655	4300	targeted_reference	52.399019699543715	89.20129657140933	1.7023466676073347	303.099388	334.14629500000007	1.102431440739168
ecoli_mg1655	4300	full_reference_interpro5	52.399019699543715	2098.696436601691	40.052208011440456	303.099388	4645.352864	15.32617038474522
ecoli_mg1655	4300	full_reference_interpro6	52.399019699543715	1752.0156561713666	33.436038807928746	303.099388	3989.482344	13.162290990834995
mjannaschii_2661	1811	targeted_reference	33.11791885830462	106.55391136184335	3.2174096391061116	110.28552	148.984603	1.3508990391485662
mjannaschii_2661	1811	full_reference_interpro5	33.11791885830462	2223.9219854974654	67.15162251023501	110.28552	1908.5131549999999	17.305201580406926
mjannaschii_2661	1811	full_reference_interpro6	33.11791885830462	2267.9219798427075	68.48020823850788	110.28552	1972.642829	17.886689286136566
paeruginosa_pao1	5572	targeted_reference	56.46943849977106	118.59020222909749	2.100077588509726	344.03261100000003	507.665241	1.4756311604425196
paeruginosa_pao1	5572	full_reference_interpro5	56.46943849977106	3058.5486772814766	54.16290224479347	344.03261100000003	9733.369067	28.291995455628474
paeruginosa_pao1	5572	full_reference_interpro6	56.46943849977106	3308.3480544105987	58.58652294592962	344.03261100000003	10347.192845	30.07619776196158
scoelicolor_m145	7872	targeted_reference	80.18125170841813	167.03913214802742	2.0832692005790947	531.589981	647.475954	1.2179987906882692
scoelicolor_m145	7872	full_reference_interpro5	80.18125170841813	3331.0739189786837	41.54429929695097	531.589981	8749.449638999999	16.459019078089057
scoelicolor_m145	7872	full_reference_interpro6	80.18125170841813	3267.945933974348	40.756983264097016	531.589981	8788.284317	16.532072896610895
synechocystis_6803	3576	targeted_reference	40.124891977757215	104.47216849704273	2.6036747601702133	215.077346	269.958544	1.2551695890835477
synechocystis_6803	3576	full_reference_interpro5	40.124891977757215	2517.417156651616	62.739537293885256	215.077346	3542.915358	16.47275003105162
synechocystis_6803	3576	full_reference_interpro6	40.124891977757215	2541.9428906627	63.350772185799215	215.077346	3690.6375230000003	17.15958278097778
