tool	scope	source	genomes	proteins	median_wall_seconds	total_wall_seconds	total_cpu_seconds	max_peak_child_rss_bytes	wall_seconds_per_1000_proteins
HMMER3	subset	ncbifam	8	35848	3.2026497526094317	27.356220214103814	59.862565000000004	233439232	0.7631170557382229
HMMER3	subset	pfam	8	35848	0.050268932711333036	0.48311655811266974	0.38857099999999994	22163456	0.013476806463754456
InterProScan5	full	all	8	35848	644.1892405557446	5285.860347334994	11450.243152000001	5419483136	147.45202932757738
InterProScan6	full	all	8	35848	547.6934664137661	4925.635730405047	11323.184926999998	1739173888	137.40336226302855
KofamScan	full	all	8	35848	1841.8115826286376	14157.334113522433	21367.517847	848314368	394.9267494287668
KofamScan	subset	all	8	35848	47.28768984694034	366.2392760319635	611.478026	134770688	10.216449342556448
giftag	subset	all	8	35848	50.83224214334041	435.18999645859003	2550.888926	1619947520	12.139868234171782
run_dbcan	full	all	8	35848	254.54912675078958	2208.4278441928327	11147.173569	2924781568	61.60532928455793
run_dbcan	subset	all	8	35848	63.86737847200129	543.0376858147793	2531.776312	922497024	15.14833981853323
