tool	scope	source	genome_id	proteins	wall_seconds	cpu_seconds	peak_child_rss_bytes	slurm_job_id
giftag	subset	all	ecoli_mg1655	4300	52.399019699543715	303.099388	1470496768	45855458
giftag	subset	all	btheta_vpi5482	4645	75.8041000654921	486.856425	1473650688	45855601
giftag	subset	all	bsubtilis_168	4237	49.2654645871371	284.18471300000004	1553940480	45855601
giftag	subset	all	paeruginosa_pao1	5572	56.46943849977106	344.03261100000003	1619947520	45855601
giftag	subset	all	scoelicolor_m145	7872	80.18125170841813	531.589981	1550819328	45855601
giftag	subset	all	cacetobutylicum_824	3835	47.827911062166095	275.762942	1386852352	45855601
giftag	subset	all	synechocystis_6803	3576	40.124891977757215	215.077346	1393332224	45855601
giftag	subset	all	mjannaschii_2661	1811	33.11791885830462	110.28552	1182830592	45855601
KofamScan	full	all	ecoli_mg1655	4300	994.693211177364	1912.669264	257482752	45856422
KofamScan	full	all	btheta_vpi5482	4645	1511.3189731035382	2249.9719920000002	289124352	45856197
KofamScan	full	all	bsubtilis_168	4237	2040.4202665844932	2531.0359209999997	737771520	45856205
KofamScan	full	all	paeruginosa_pao1	5572	1717.2989995051175	5823.341332	768307200	45856749
KofamScan	full	all	scoelicolor_m145	7872	2302.77812057361	4578.740992	848314368	45856198
KofamScan	full	all	cacetobutylicum_824	3835	1907.2013773210347	1797.933612	433016832	45856207
KofamScan	full	all	synechocystis_6803	3576	1884.7946995217353	1620.855794	299438080	45856208
KofamScan	full	all	mjannaschii_2661	1811	1798.8284657355398	852.96894	418476032	45856209
KofamScan	subset	all	ecoli_mg1655	4300	19.952511463314295	58.19923	70823936	45856422
KofamScan	subset	all	btheta_vpi5482	4645	49.08369143679738	64.788517	73060352	45856197
KofamScan	subset	all	bsubtilis_168	4237	28.956545480526984	60.048867	93044736	45856205
KofamScan	subset	all	paeruginosa_pao1	5572	47.60743541456759	180.079276	119087104	45856749
KofamScan	subset	all	scoelicolor_m145	7872	69.09540610015392	118.631147	134770688	45856198
KofamScan	subset	all	cacetobutylicum_824	3835	41.33326004631817	54.534758000000004	72261632	45856207
KofamScan	subset	all	synechocystis_6803	3576	46.96794427931309	46.718112000000005	73338880	45856208
KofamScan	subset	all	mjannaschii_2661	1811	63.242481810972095	28.478119	50393088	45856209
run_dbcan	full	all	ecoli_mg1655	4300	219.60919635370374	976.159841	2837614592	45855465
run_dbcan	full	all	btheta_vpi5482	4645	451.1454079831019	2126.0292379999996	2909270016	45855732
run_dbcan	full	all	bsubtilis_168	4237	241.84126187860966	1214.429938	2756866048	45855732
run_dbcan	full	all	paeruginosa_pao1	5572	273.83948447648436	1483.541964	2750533632	45855732
run_dbcan	full	all	scoelicolor_m145	7872	367.4298843955621	2220.773632	2924781568	45855732
run_dbcan	full	all	cacetobutylicum_824	3835	267.2569916229695	1421.597582	2849751040	45855732
run_dbcan	full	all	synechocystis_6803	3576	233.60033911839128	1165.777527	2730061824	45855732
run_dbcan	full	all	mjannaschii_2661	1811	153.70527836401016	538.863847	2720854016	45855732
run_dbcan	subset	all	ecoli_mg1655	4300	63.74347038008273	263.31688	853028864	45856272
run_dbcan	subset	all	btheta_vpi5482	4645	94.70179094187915	525.169286	922497024	45856313
run_dbcan	subset	all	bsubtilis_168	4237	63.8439541591797	283.735267	830623744	45856313
run_dbcan	subset	all	paeruginosa_pao1	5572	67.26030788291246	318.370429	797356032	45856313
run_dbcan	subset	all	scoelicolor_m145	7872	93.23951951600611	517.189985	921960448	45856313
run_dbcan	subset	all	cacetobutylicum_824	3835	63.89080278482288	287.952573	844910592	45856313
run_dbcan	subset	all	synechocystis_6803	3576	54.70499725290574	217.985265	784547840	45856313
run_dbcan	subset	all	mjannaschii_2661	1811	41.65284289699048	118.05662699999999	756056064	45856313
HMMER3	subset	pfam	ecoli_mg1655	4300	0.10857480700360611	0.07901699999999999	20389888	45855649
HMMER3	subset	pfam	btheta_vpi5482	4645	0.09806217439472675	0.059155	20852736	45855733
HMMER3	subset	pfam	bsubtilis_168	4237	0.050669181160628796	0.04246	20209664	45855733
HMMER3	subset	pfam	paeruginosa_pao1	5572	0.04986868426203728	0.044697999999999995	20754432	45855733
HMMER3	subset	pfam	scoelicolor_m145	7872	0.052477396093308926	0.061057	22163456	45855733
HMMER3	subset	pfam	cacetobutylicum_824	3835	0.04336648993194103	0.039282	20045824	45855733
HMMER3	subset	pfam	synechocystis_6803	3576	0.04689865093678236	0.037711	20074496	45855733
HMMER3	subset	pfam	mjannaschii_2661	1811	0.03319917432963848	0.025190999999999998	19566592	45855733
HMMER3	subset	ncbifam	ecoli_mg1655	4300	5.396739921008702	12.551168	115408896	45855649
HMMER3	subset	ncbifam	btheta_vpi5482	4645	2.852145611308515	6.4391739999999995	81104896	45855733
HMMER3	subset	ncbifam	bsubtilis_168	4237	3.436404963955283	6.599294	182718464	45855733
HMMER3	subset	ncbifam	paeruginosa_pao1	5572	3.6725902473554015	9.170838	180150272	45855733
HMMER3	subset	ncbifam	scoelicolor_m145	7872	4.651729135774076	11.593765	233439232	45855733
HMMER3	subset	ncbifam	cacetobutylicum_824	3835	2.9688945412635803	5.866204	86081536	45855733
HMMER3	subset	ncbifam	synechocystis_6803	3576	2.7523283138871193	5.217456	74207232	45855733
HMMER3	subset	ncbifam	mjannaschii_2661	1811	1.6253874795511365	2.424666	38043648	45855733
InterProScan5	full	all	ecoli_mg1655	4300	884.3940290706232	1756.5237590000002	4132106240	45855865
InterProScan5	full	all	btheta_vpi5482	4645	603.7561321519315	1274.127976	4488716288	45856047
InterProScan5	full	all	bsubtilis_168	4237	627.5125671019778	1220.042069	4415713280	45856048
InterProScan5	full	all	paeruginosa_pao1	5572	1067.4101932998747	2426.485771	4689600512	45856049
InterProScan5	full	all	scoelicolor_m145	7872	660.8659140095115	1949.935015	4501700608	45856050
InterProScan5	full	all	cacetobutylicum_824	3835	771.5111522916704	1550.166157	4028055552	45856051
InterProScan5	full	all	synechocystis_6803	3576	399.0221180114895	756.282037	4439842816	45856052
InterProScan5	full	all	mjannaschii_2661	1811	271.3882413979154	516.680368	5419483136	45856053
InterProScan6	full	all	ecoli_mg1655	4300	537.7132486402988	1100.653239	1517191168	45856127
InterProScan6	full	all	btheta_vpi5482	4645	678.1928202211857	1488.742836	1495031808	45856128
InterProScan6	full	all	bsubtilis_168	4237	557.6736841872334	1176.851458	1484984320	45856129
InterProScan6	full	all	paeruginosa_pao1	5572	1317.2095704289968	3040.309549	1739173888	45856130
InterProScan6	full	all	scoelicolor_m145	7872	597.7379290051758	1988.769693	1636777984	45856131
InterProScan6	full	all	cacetobutylicum_824	3835	498.17239015642554	1043.043908	1504645120	45856132
InterProScan6	full	all	synechocystis_6803	3576	423.54785202257335	904.004202	1358102528	45856133
InterProScan6	full	all	mjannaschii_2661	1811	315.38823574315757	580.810042	1223434240	45856134
