namespace	accession	shared	giftag_only	reference_only
CAZY	AA10_e1	0	0	0
CAZY	AA10_e12	0	0	0
CAZY	AA10_e44	0	0	0
CAZY	AA10_e49	0	0	0
CAZY	AA10_e58	0	0	0
CAZY	AA10_e66	0	0	0
CAZY	CE12_e45	1	0	0
CAZY	CE1_e20	0	0	0
CAZY	CE1_e4	0	0	0
CAZY	CE4_e262	0	0	0
CAZY	CE4_e58	0	0	0
CAZY	CE5_e24	0	0	0
CAZY	CE6_e2	0	0	0
CAZY	CE6_e3	0	0	0
CAZY	CE7_e11	1	0	0
CAZY	CE7_e23	0	0	0
CAZY	CE7_e33	0	0	0
CAZY	CE8_e1	0	0	0
CAZY	CE8_e105	0	0	0
CAZY	CE8_e14	0	0	0
CAZY	CE8_e16	0	0	0
CAZY	CE8_e19	0	0	0
CAZY	CE8_e22	0	0	0
CAZY	CE8_e24	0	0	0
CAZY	CE8_e30	0	0	0
CAZY	CE8_e32	0	0	0
CAZY	CE8_e38	0	0	0
CAZY	CE8_e43	0	0	0
CAZY	CE8_e47	0	0	0
CAZY	CE8_e52	0	0	0
CAZY	CE8_e6	0	0	0
CAZY	CE8_e61	0	0	0
CAZY	CE8_e62	0	0	0
CAZY	CE8_e78	0	0	0
CAZY	CE8_e84	0	0	0
CAZY	CE8_e99	0	0	0
CAZY	GH109_e0	0	0	0
CAZY	GH109_e1	0	0	0
CAZY	GH10_e0	0	0	0
CAZY	GH10_e10	0	0	0
CAZY	GH10_e101	0	0	0
CAZY	GH10_e103	0	0	0
CAZY	GH10_e105	0	0	0
CAZY	GH10_e109	0	0	0
CAZY	GH10_e112	0	0	0
CAZY	GH10_e118	0	0	0
CAZY	GH10_e12	0	0	0
CAZY	GH10_e130	0	0	0
CAZY	GH10_e134	0	0	0
CAZY	GH10_e135	0	0	0
CAZY	GH10_e137	0	0	0
CAZY	GH10_e141	0	0	0
CAZY	GH10_e143	0	0	0
CAZY	GH10_e144	0	0	0
CAZY	GH10_e148	0	0	0
CAZY	GH10_e170	0	0	0
CAZY	GH10_e188	0	0	0
CAZY	GH10_e19	0	0	0
CAZY	GH10_e191	0	0	0
CAZY	GH10_e20	0	0	0
CAZY	GH10_e204	0	0	0
CAZY	GH10_e21	0	0	0
CAZY	GH10_e225	0	0	0
CAZY	GH10_e25	0	0	0
CAZY	GH10_e250	0	0	0
CAZY	GH10_e3	0	0	0
CAZY	GH10_e30	0	0	0
CAZY	GH10_e38	0	0	0
CAZY	GH10_e40	0	0	0
CAZY	GH10_e43	0	0	0
CAZY	GH10_e5	0	0	0
CAZY	GH10_e50	0	0	0
CAZY	GH10_e52	0	0	0
CAZY	GH10_e53	0	0	0
CAZY	GH10_e58	0	0	0
CAZY	GH10_e6	0	0	0
CAZY	GH10_e60	0	0	0
CAZY	GH10_e64	0	0	0
CAZY	GH10_e67	0	0	0
CAZY	GH10_e75	0	0	0
CAZY	GH10_e77	0	0	0
CAZY	GH10_e78	0	0	0
CAZY	GH10_e8	0	0	0
CAZY	GH10_e83	0	0	0
CAZY	GH10_e85	0	0	0
CAZY	GH10_e88	0	0	0
CAZY	GH10_e90	0	0	0
CAZY	GH10_e96	0	0	0
CAZY	GH10_e97	0	0	0
CAZY	GH10_e98	0	0	0
CAZY	GH119_e2	0	0	0
CAZY	GH11_e0	0	0	0
CAZY	GH11_e10	0	0	0
CAZY	GH11_e11	0	0	0
CAZY	GH11_e13	0	0	0
CAZY	GH11_e14	0	0	0
CAZY	GH11_e15	3	0	0
CAZY	GH11_e16	0	0	0
CAZY	GH11_e17	0	0	0
CAZY	GH11_e2	0	0	0
CAZY	GH11_e20	0	0	0
CAZY	GH11_e22	0	0	0
CAZY	GH11_e23	0	0	0
CAZY	GH11_e24	0	0	0
CAZY	GH11_e39	0	0	0
CAZY	GH11_e42	0	0	0
CAZY	GH11_e5	0	0	0
CAZY	GH11_e7	0	0	0
CAZY	GH11_e8	0	0	0
CAZY	GH120_e0	0	0	0
CAZY	GH13_e108	0	0	0
CAZY	GH13_e113	0	0	0
CAZY	GH13_e122	0	0	0
CAZY	GH13_e124	0	0	0
CAZY	GH13_e13	0	0	0
CAZY	GH13_e130	0	0	0
CAZY	GH13_e139	0	0	0
CAZY	GH13_e143	0	0	0
CAZY	GH13_e146	0	0	0
CAZY	GH13_e160	0	0	0
CAZY	GH13_e165	0	0	0
CAZY	GH13_e172	0	0	0
CAZY	GH13_e173	0	0	0
CAZY	GH13_e18	0	0	0
CAZY	GH13_e180	0	0	0
CAZY	GH13_e183	1	0	0
CAZY	GH13_e19	0	0	0
CAZY	GH13_e205	0	0	0
CAZY	GH13_e206	0	0	0
CAZY	GH13_e221	0	0	0
CAZY	GH13_e23	0	0	0
CAZY	GH13_e234	0	0	0
CAZY	GH13_e240	0	0	0
CAZY	GH13_e245	1	0	0
CAZY	GH13_e248	1	0	0
CAZY	GH13_e25	0	0	0
CAZY	GH13_e250	3	0	0
CAZY	GH13_e276	0	0	0
CAZY	GH13_e278	0	0	0
CAZY	GH13_e300	0	0	0
CAZY	GH13_e302	0	0	0
CAZY	GH13_e303	0	0	0
CAZY	GH13_e307	0	0	0
CAZY	GH13_e315	0	0	0
CAZY	GH13_e329	0	0	0
CAZY	GH13_e34	1	0	0
CAZY	GH13_e345	0	0	0
CAZY	GH13_e346	0	0	0
CAZY	GH13_e347	0	0	0
CAZY	GH13_e348	0	0	0
CAZY	GH13_e349	0	0	0
CAZY	GH13_e354	0	0	0
CAZY	GH13_e380	0	0	0
CAZY	GH13_e381	0	0	0
CAZY	GH13_e386	0	0	0
CAZY	GH13_e387	0	0	0
CAZY	GH13_e389	0	0	0
CAZY	GH13_e392	0	0	0
CAZY	GH13_e406	0	0	0
CAZY	GH13_e409	0	0	0
CAZY	GH13_e413	0	0	0
CAZY	GH13_e419	0	0	0
CAZY	GH13_e42	0	0	0
CAZY	GH13_e443	0	0	0
CAZY	GH13_e446	0	0	0
CAZY	GH13_e462	0	0	0
CAZY	GH13_e465	0	0	0
CAZY	GH13_e47	1	0	0
CAZY	GH13_e484	0	0	0
CAZY	GH13_e486	3	0	0
CAZY	GH13_e491	1	0	0
CAZY	GH13_e493	1	0	0
CAZY	GH13_e497	0	0	0
CAZY	GH13_e5	0	0	0
CAZY	GH13_e500	0	0	0
CAZY	GH13_e61	0	0	0
CAZY	GH13_e94	0	0	0
CAZY	GH14_e6	0	0	0
CAZY	GH151_e0	0	0	0
CAZY	GH16_e14	2	0	0
CAZY	GH18_e1	0	0	0
CAZY	GH18_e104	0	0	0
CAZY	GH18_e111	0	0	0
CAZY	GH18_e121	0	0	0
CAZY	GH18_e14	0	0	0
CAZY	GH18_e147	0	0	0
CAZY	GH18_e148	0	0	0
CAZY	GH18_e151	0	0	0
CAZY	GH18_e154	0	0	0
CAZY	GH18_e164	0	0	0
CAZY	GH18_e175	0	0	0
CAZY	GH18_e177	0	0	0
CAZY	GH18_e184	0	0	0
CAZY	GH18_e187	0	0	0
CAZY	GH18_e19	0	0	0
CAZY	GH18_e193	0	0	0
CAZY	GH18_e196	0	0	0
CAZY	GH18_e2	0	0	0
CAZY	GH18_e20	0	0	0
CAZY	GH18_e211	0	0	0
CAZY	GH18_e224	1	0	0
CAZY	GH18_e231	0	0	0
CAZY	GH18_e236	0	0	0
CAZY	GH18_e253	0	0	0
CAZY	GH18_e258	0	0	0
CAZY	GH18_e26	0	0	0
CAZY	GH18_e260	0	0	0
CAZY	GH18_e263	0	0	0
CAZY	GH18_e272	0	0	0
CAZY	GH18_e285	2	0	0
CAZY	GH18_e287	0	0	0
CAZY	GH18_e3	0	0	0
CAZY	GH18_e325	1	0	0
CAZY	GH18_e327	1	0	0
CAZY	GH18_e334	0	0	0
CAZY	GH18_e338	0	0	0
CAZY	GH18_e342	0	0	0
CAZY	GH18_e347	1	0	0
CAZY	GH18_e348	0	0	0
CAZY	GH18_e354	0	0	0
CAZY	GH18_e373	0	0	0
CAZY	GH18_e392	0	0	0
CAZY	GH18_e4	0	0	0
CAZY	GH18_e401	0	0	0
CAZY	GH18_e428	0	0	0
CAZY	GH18_e431	0	0	0
CAZY	GH18_e521	0	0	0
CAZY	GH18_e66	0	0	0
CAZY	GH18_e672	0	0	0
CAZY	GH18_e69	0	0	0
CAZY	GH18_e72	0	0	0
CAZY	GH18_e77	0	0	0
CAZY	GH18_e80	0	0	0
CAZY	GH18_e81	0	0	0
CAZY	GH18_e83	0	0	0
CAZY	GH18_e830	0	0	0
CAZY	GH18_e834	0	0	0
CAZY	GH18_e91	0	0	0
CAZY	GH18_e95	0	0	0
CAZY	GH19_e1	0	0	0
CAZY	GH19_e113	0	0	0
CAZY	GH19_e143	2	0	0
CAZY	GH19_e169	0	0	0
CAZY	GH19_e18	0	0	0
CAZY	GH19_e27	0	0	0
CAZY	GH19_e5	0	0	0
CAZY	GH19_e81	0	0	0
CAZY	GH20_e0	0	0	0
CAZY	GH20_e1	0	0	0
CAZY	GH20_e10	0	0	0
CAZY	GH20_e105	0	0	0
CAZY	GH20_e107	0	0	0
CAZY	GH20_e114	1	0	0
CAZY	GH20_e12	4	0	0
CAZY	GH20_e13	0	0	0
CAZY	GH20_e132	0	0	0
CAZY	GH20_e137	1	0	0
CAZY	GH20_e143	0	0	0
CAZY	GH20_e146	0	0	0
CAZY	GH20_e167	0	0	0
CAZY	GH20_e18	0	0	0
CAZY	GH20_e182	0	0	0
CAZY	GH20_e214	0	0	0
CAZY	GH20_e22	0	0	0
CAZY	GH20_e35	0	0	0
CAZY	GH20_e45	0	0	0
CAZY	GH20_e49	0	0	0
CAZY	GH20_e51	1	0	0
CAZY	GH20_e57	0	0	0
CAZY	GH20_e61	0	0	0
CAZY	GH20_e70	0	0	0
CAZY	GH20_e71	0	0	0
CAZY	GH20_e74	0	0	0
CAZY	GH20_e77	0	0	0
CAZY	GH20_e80	0	0	0
CAZY	GH20_e93	0	0	0
CAZY	GH20_e95	0	0	0
CAZY	GH20_e97	0	0	0
CAZY	GH26_e54	1	0	0
CAZY	GH28_e0	0	0	0
CAZY	GH28_e1	0	0	0
CAZY	GH28_e107	0	0	0
CAZY	GH28_e120	0	0	0
CAZY	GH28_e125	0	0	0
CAZY	GH28_e130	0	0	0
CAZY	GH28_e200	0	0	0
CAZY	GH28_e250	0	0	0
CAZY	GH28_e29	0	0	0
CAZY	GH28_e295	0	0	0
CAZY	GH28_e45	0	0	0
CAZY	GH28_e56	0	0	0
CAZY	GH28_e58	0	0	0
CAZY	GH28_e61	0	0	0
CAZY	GH28_e67	0	0	0
CAZY	GH28_e70	0	0	0
CAZY	GH28_e75	0	0	0
CAZY	GH28_e86	0	0	0
CAZY	GH28_e98	0	0	0
CAZY	GH29_e1	0	0	0
CAZY	GH29_e124	2	0	0
CAZY	GH29_e126	0	0	0
CAZY	GH29_e13	0	0	0
CAZY	GH29_e149	0	0	0
CAZY	GH29_e17	0	0	0
CAZY	GH29_e29	0	0	0
CAZY	GH29_e30	0	0	0
CAZY	GH29_e53	0	0	0
CAZY	GH29_e70	0	0	0
CAZY	GH29_e79	0	0	0
CAZY	GH29_e8	0	0	0
CAZY	GH29_e81	0	0	0
CAZY	GH29_e85	0	0	0
CAZY	GH30_e138	0	0	0
CAZY	GH30_e145	1	0	0
CAZY	GH30_e48	0	0	0
CAZY	GH30_e78	2	0	0
CAZY	GH31_e102	0	0	0
CAZY	GH31_e177	0	0	0
CAZY	GH31_e22	0	0	0
CAZY	GH31_e39	0	0	0
CAZY	GH31_e41	0	0	0
CAZY	GH31_e42	0	0	0
CAZY	GH31_e56	0	0	0
CAZY	GH31_e7	0	0	0
CAZY	GH31_e73	0	0	0
CAZY	GH31_e78	0	0	0
CAZY	GH31_e82	0	0	0
CAZY	GH33_e105	0	0	0
CAZY	GH33_e121	1	0	0
CAZY	GH33_e129	0	0	0
CAZY	GH33_e130	0	0	0
CAZY	GH33_e131	0	0	0
CAZY	GH33_e132	0	0	0
CAZY	GH33_e135	0	0	0
CAZY	GH33_e163	0	0	0
CAZY	GH33_e197	0	0	0
CAZY	GH33_e22	0	0	0
CAZY	GH33_e41	0	0	0
CAZY	GH33_e5	0	0	0
CAZY	GH33_e66	0	0	0
CAZY	GH33_e75	0	0	0
CAZY	GH33_e77	0	0	0
CAZY	GH33_e9	0	0	0
CAZY	GH33_e91	0	0	0
CAZY	GH39_e131	0	0	0
CAZY	GH39_e264	0	0	0
CAZY	GH39_e57	0	0	0
CAZY	GH39_e74	0	0	0
CAZY	GH3_e0	0	0	0
CAZY	GH3_e165	0	0	0
CAZY	GH3_e21	0	0	0
CAZY	GH3_e32	0	0	0
CAZY	GH3_e50	2	0	0
CAZY	GH3_e73	0	0	0
CAZY	GH3_e88	0	0	0
CAZY	GH43_e0	0	0	0
CAZY	GH43_e118	0	0	0
CAZY	GH43_e124	0	0	0
CAZY	GH43_e159	1	0	0
CAZY	GH43_e173	1	0	0
CAZY	GH43_e188	0	0	0
CAZY	GH43_e194	0	0	0
CAZY	GH43_e2	0	0	0
CAZY	GH43_e239	0	0	0
CAZY	GH43_e259	0	0	0
CAZY	GH43_e261	0	0	0
CAZY	GH43_e264	0	0	0
CAZY	GH43_e285	3	0	0
CAZY	GH43_e311	0	0	0
CAZY	GH43_e327	0	0	0
CAZY	GH43_e330	0	0	0
CAZY	GH43_e398	1	0	0
CAZY	GH43_e429	0	0	0
CAZY	GH43_e459	1	0	0
CAZY	GH43_e52	0	0	0
CAZY	GH43_e53	0	0	0
CAZY	GH43_e532	0	0	0
CAZY	GH43_e59	0	0	0
CAZY	GH43_e67	0	0	0
CAZY	GH43_e79	0	0	0
CAZY	GH43_e84	0	0	0
CAZY	GH4_e14	0	0	0
CAZY	GH4_e30	0	0	0
CAZY	GH4_e34	1	0	0
CAZY	GH4_e6	0	0	0
CAZY	GH51_e0	0	0	0
CAZY	GH51_e1	0	0	0
CAZY	GH51_e19	1	0	0
CAZY	GH51_e26	0	0	0
CAZY	GH51_e31	0	0	0
CAZY	GH51_e34	0	0	0
CAZY	GH51_e35	0	0	0
CAZY	GH51_e36	0	0	0
CAZY	GH51_e4	0	0	0
CAZY	GH51_e47	1	0	0
CAZY	GH51_e51	1	0	0
CAZY	GH51_e65	2	0	0
CAZY	GH51_e9	0	0	0
CAZY	GH52_e0	0	0	0
CAZY	GH54_e0	0	0	0
CAZY	GH57_e11	0	0	0
CAZY	GH57_e15	0	0	0
CAZY	GH57_e30	0	0	0
CAZY	GH57_e63	1	0	0
CAZY	GH5_e130	0	0	0
CAZY	GH5_e141	0	0	0
CAZY	GH5_e243	0	0	0
CAZY	GH5_e288	0	0	0
CAZY	GH5_e29	0	0	0
CAZY	GH5_e319	0	0	0
CAZY	GH5_e55	0	0	0
CAZY	GH5_e77	0	0	0
CAZY	GH62_e0	0	0	0
CAZY	GH62_e1	0	0	0
CAZY	GH62_e9	1	0	0
CAZY	GH63_e1	1	0	0
CAZY	GH8_e19	0	0	0
CAZY	GH8_e37	0	0	0
CAZY	GH8_e9	0	0	0
CAZY	GH95_e0	3	0	0
CAZY	GH95_e2	0	0	0
CAZY	GH95_e21	0	0	0
CAZY	GH95_e26	0	0	1
CAZY	GH95_e3	0	0	0
CAZY	GH97_e22	2	0	0
CAZY	GH98_e0	0	0	0
CAZY	GH9_e16	0	0	0
CAZY	PL10_e2	0	0	0
CAZY	PL10_e5	0	0	0
CAZY	PL1_e103	0	0	0
CAZY	PL1_e108	1	0	0
CAZY	PL1_e124	0	0	0
CAZY	PL1_e16	0	0	0
CAZY	PL1_e163	0	0	0
CAZY	PL1_e165	0	0	0
CAZY	PL1_e18	0	0	0
CAZY	PL1_e2	0	0	0
CAZY	PL1_e20	0	0	0
CAZY	PL1_e25	1	0	0
CAZY	PL1_e3	0	0	0
CAZY	PL1_e33	0	0	0
CAZY	PL1_e36	1	0	0
CAZY	PL1_e4	0	0	0
CAZY	PL1_e51	0	0	0
CAZY	PL1_e53	0	0	0
CAZY	PL1_e60	0	0	0
CAZY	PL1_e67	0	0	0
CAZY	PL1_e68	0	0	0
CAZY	PL1_e71	0	0	0
CAZY	PL1_e73	0	0	0
CAZY	PL1_e75	0	0	0
CAZY	PL1_e79	0	0	0
CAZY	PL1_e8	0	0	0
CAZY	PL1_e88	1	0	0
CAZY	PL2_e0	0	0	0
CAZY	PL2_e1	0	0	0
CAZY	PL3_e0	0	0	0
CAZY	PL3_e10	0	0	0
CAZY	PL3_e12	0	0	0
CAZY	PL3_e16	0	0	0
CAZY	PL3_e18	0	0	0
CAZY	PL3_e8	1	0	0
CAZY	PL3_e9	0	0	0
CAZY	PL9_e1	0	0	0
CAZY	PL9_e23	1	0	0
CAZY	PL9_e31	0	0	0
CAZY	PL9_e8	0	0	0
