namespace	accession	giftag20	interpro5_17	interpro6_18
NCBIFAM	NF000689.1	1	1	1
NCBIFAM	NF001209.0	1	1	1
NCBIFAM	NF001610.0	1	1	1
NCBIFAM	NF001611.0	1	1	1
NCBIFAM	NF001613.0	1	1	1
NCBIFAM	NF001682.0	1	1	1
NCBIFAM	NF001685.0	1	1	1
NCBIFAM	NF002537.0	1	1	1
NCBIFAM	NF002997.0	1	1	1
NCBIFAM	NF003358.0	1	1	1
NCBIFAM	NF003776.0	1	1	1
NCBIFAM	NF004057.0	1	1	1
NCBIFAM	NF004058.0	1	1	1
NCBIFAM	NF004059.0	1	1	1
NCBIFAM	NF004060.0	1	1	1
NCBIFAM	NF004061.0	1	1	1
NCBIFAM	NF004062.0	1	1	1
NCBIFAM	NF004063.0	1	1	1
NCBIFAM	NF004423.0	1	1	1
NCBIFAM	NF004614.0	1	1	1
NCBIFAM	NF004619.0	1	1	1
NCBIFAM	NF004647.0	1	1	1
NCBIFAM	NF004648.0	1	1	1
NCBIFAM	NF004703.2	1	1	1
NCBIFAM	NF004704.2	1	1	1
NCBIFAM	NF004705.1	1	0	0
NCBIFAM	NF004901.0	1	1	1
NCBIFAM	NF005074.0	1	1	1
NCBIFAM	NF005444.0	1	1	1
NCBIFAM	NF005492.0	1	1	1
NCBIFAM	NF005967.0	1	1	1
NCBIFAM	NF005968.0	1	1	1
NCBIFAM	NF005969.0	1	1	1
NCBIFAM	NF005970.0	1	1	1
NCBIFAM	NF005971.0	1	1	1
NCBIFAM	NF005996.1	1	1	1
NCBIFAM	NF006136.0	1	1	1
NCBIFAM	NF006137.0	1	1	1
NCBIFAM	NF006449.0	1	1	1
NCBIFAM	NF006916.0	1	1	1
NCBIFAM	NF007604.0	1	1	1
NCBIFAM	NF007605.2	1	1	1
NCBIFAM	NF007608.0	1	1	1
NCBIFAM	NF008062.1	1	1	1
NCBIFAM	NF008142.0	1	1	1
NCBIFAM	NF008143.0	1	1	1
NCBIFAM	NF008144.0	1	1	1
NCBIFAM	NF008220.0	1	1	1
NCBIFAM	NF008371.0	1	1	1
NCBIFAM	NF008759.0	1	1	1
NCBIFAM	NF008841.0	1	1	1
NCBIFAM	NF008843.0	1	1	1
NCBIFAM	NF008845.0	1	1	1
NCBIFAM	NF008907.0	1	1	1
NCBIFAM	NF009022.0	1	1	1
NCBIFAM	NF009081.0	1	1	1
NCBIFAM	NF009259.0	1	1	1
NCBIFAM	NF009835.0	1	1	1
NCBIFAM	NF010134.0	1	1	1
NCBIFAM	NF011615.0	1	1	1
NCBIFAM	NF011645.0	1	1	1
NCBIFAM	NF011854.0	1	1	1
NCBIFAM	NF012017.0	1	1	1
NCBIFAM	NF037980.1	1	1	1
NCBIFAM	NF038054.1	1	1	1
NCBIFAM	NF040576.1	1	1	1
NCBIFAM	NF040695.1	1	1	1
NCBIFAM	NF040707.3	1	1	1
NCBIFAM	NF040708.3	1	1	1
NCBIFAM	NF041128.1	1	1	1
NCBIFAM	NF041712.1	1	1	1
NCBIFAM	NF041713.1	1	1	1
NCBIFAM	NF046058.1	1	1	1
NCBIFAM	NF046059.1	1	1	1
NCBIFAM	NF047396.1	1	1	1
NCBIFAM	NF052359.1	1	0	0
NCBIFAM	NF052360.1	1	0	0
NCBIFAM	NF052589.1	1	0	0
NCBIFAM	NF052590.1	1	0	0
NCBIFAM	NF052591.1	1	0	0
NCBIFAM	NF053530.1	1	0	0
NCBIFAM	NF053595.1	1	0	0
NCBIFAM	NF058587.1	1	0	0
NCBIFAM	NF058591.1	1	0	0
NCBIFAM	TIGR00109.1	1	1	1
NCBIFAM	TIGR00221.1	1	1	1
NCBIFAM	TIGR00502.1	1	1	1
NCBIFAM	TIGR00562.1	1	1	1
NCBIFAM	TIGR00715.1	1	1	1
NCBIFAM	TIGR00718.1	1	1	1
NCBIFAM	TIGR00719.1	1	1	1
NCBIFAM	TIGR00720.1	1	1	1
NCBIFAM	TIGR01001.2	1	1	1
NCBIFAM	TIGR01089.1	1	1	1
NCBIFAM	TIGR01102.1	1	1	1
NCBIFAM	TIGR01261.1	1	1	1
NCBIFAM	TIGR01327.1	1	1	1
NCBIFAM	TIGR01346.1	1	1	1
NCBIFAM	TIGR01399.1	1	1	1
NCBIFAM	TIGR01401.1	1	1	1
NCBIFAM	TIGR01403.1	1	1	1
NCBIFAM	TIGR01404.2	1	1	1
NCBIFAM	TIGR01465.1	1	1	1
NCBIFAM	TIGR01466.1	1	1	1
NCBIFAM	TIGR01467.1	1	1	1
NCBIFAM	TIGR01608.1	1	1	1
NCBIFAM	TIGR01707.1	1	1	1
NCBIFAM	TIGR01708.2	1	1	1
NCBIFAM	TIGR01709.2	1	1	1
NCBIFAM	TIGR01710.1	1	1	1
NCBIFAM	TIGR01711.1	1	1	1
NCBIFAM	TIGR01713.1	1	1	1
NCBIFAM	TIGR01998.1	1	1	1
NCBIFAM	TIGR02057.1	1	1	1
NCBIFAM	TIGR02067.1	1	1	1
NCBIFAM	TIGR02105.1	1	1	1
NCBIFAM	TIGR02120.1	1	1	1
NCBIFAM	TIGR02500.1	1	1	1
NCBIFAM	TIGR02516.1	1	1	1
NCBIFAM	TIGR02517.1	1	1	1
NCBIFAM	TIGR02533.1	1	1	1
NCBIFAM	TIGR02544.1	1	1	1
NCBIFAM	TIGR02546.1	1	1	1
NCBIFAM	TIGR02551.1	1	1	1
NCBIFAM	TIGR02554.1	1	1	1
NCBIFAM	TIGR03002.1	1	1	1
NCBIFAM	TIGR03188.1	1	1	1
NCBIFAM	TIGR03216.1	1	1	1
NCBIFAM	TIGR03345.1	1	1	1
NCBIFAM	TIGR03347.1	1	1	1
NCBIFAM	TIGR03348.1	1	1	1
NCBIFAM	TIGR03352.1	1	1	1
NCBIFAM	TIGR03353.2	1	1	1
NCBIFAM	TIGR03355.1	1	1	1
NCBIFAM	TIGR03357.1	1	1	1
NCBIFAM	TIGR03358.1	1	1	1
NCBIFAM	TIGR03359.1	1	1	1
NCBIFAM	TIGR03362.1	1	1	1
NCBIFAM	TIGR03363.1	1	1	1
NCBIFAM	TIGR04406.1	1	1	1
NCBIFAM	TIGR04407.1	1	1	1
NCBIFAM	TIGR04408.1	1	1	1
NCBIFAM	TIGR04409.1	1	1	1
NCBIFAM	TIGR04545.1	1	1	1
NCBIFAM	TIGR04546.1	1	1	1
TIGRFAM	TIGR00507	1	1	1
TIGRFAM	TIGR02053	1	1	1
TIGRFAM	TIGR02155	1	1	1
TIGRFAM	TIGR03211	1	1	1
TIGRFAM	TIGR03948	1	1	1
